Activity Type,Date,Favorite,Title,Distance,Calories,Time,Avg HR,Max HR,Aerobic TE,Avg Run Cadence,Max Run Cadence,Avg Speed,Max Speed,Total Ascent,Total Descent,Avg Stride Length,Avg Vertical Ratio,Avg Vertical Oscillation,Avg Ground Contact Time,Avg Bike Cadence,Max Bike Cadence,Normalized Power® (NP®),Training Stress Score®,Max Avg Power (20 min),Avg Power,Max Power,Grit,Flow,Total Strokes,Avg. Swolf,Avg Stroke Rate,Total Reps,Dive Time,Min Temp,Surface Interval,Decompression,Best Lap Time,Number of Laps,Max Temp,Avg Resp,Min Resp,Max Resp,Moving Time,Elapsed Time,Min Elevation,Max Elevation
Road Cycling,2022-10-09 06:56:29,false,"Bogota, D.C. - Resistencia con montaña","105.11","1,921","04:14:43","154","190","5.0","0","0","24.8","73.1","1,659","1,631","0.00","0.0","0.0","0","80","118","136","293.6","171","132","359","0.0","0.0","17398","0","0","0","0:00","14.0","0:00","No","00:31.33.6","16","0.0","33","14","49","04:14:23","07:14:36","2,202","2,829"
Road Cycling,2022-10-08 06:35:24,false,"Bogota, D.C. Road Cycling","119.82","2,125","05:24:42","146","192","5.0","0","0","22.1","63.0","1,776","1,770","0.00","0.0","0.0","0","78","120","128","329.0","163","122","423","0.0","0.0","19899","0","0","0","0:00","13.0","0:00","No","10:44.76.5","15","0.0","29","11","43","05:22:23","09:28:46","1,513","2,752"
Road Cycling,2022-10-07 05:50:43,false,"Bogota, D.C. - Resistencia en llano","58.76","792","02:08:49","137","159","3.3","0","0","27.4","49.5","156","168","0.00","0.0","0.0","0","87","104","95","72.1","103","96","167","0.0","0.0","10415","0","0","0","0:00","8.0","0:00","No","05:00.00","10","0.0","31","17","43","02:08:30","02:11:25","2,559","2,639"
Road Cycling,2022-10-06 06:02:08,false,"Bogota, D.C. - Intervalos","58.03","800","01:59:26","143","180","3.8","0","0","29.2","47.5","152","146","0.00","0.0","0.0","0","86","110","115","98.0","125","103","227","0.0","0.0","9805","0","0","0","0:00","11.0","0:00","No","01:00.00","19","0.0","32","19","44","01:59:15","02:05:37","2,556","2,646"
Road Cycling,2022-10-05 06:06:17,false,"Bogota, D.C. - Resistencia en llano","58.86","802","01:59:07","144","161","3.5","0","0","29.6","47.9","158","162","0.00","0.0","0.0","0","89","106","104","78.9","109","102","169","0.0","0.0","10083","0","0","0","0:00","10.0","0:00","No","03:40.18.2","9","0.0","32","20","42","01:58:49","02:01:48","2,541","2,601"
Road Cycling,2022-10-04 05:33:11,false,"Bogota, D.C. - Tempo 2 x 20'","58.75","815","01:57:38","150","174","3.9","0","0","30.0","48.0","157","164","0.00","0.0","0.0","0","91","111","109","86.6","128","104","228","0.0","0.0","10376","0","0","0","0:00","7.0","0:00","No","05:48.00.7","10","0.0","32","21","41","01:57:36","01:59:01","2,560","2,622"
Road Cycling,2022-10-02 07:32:50,false,"Bogota, D.C. Road Cycling","112.55","2,221","05:18:55","159","192","5.0","0","0","21.2","72.8","1,961","1,933","0.00","0.0","0.0","0","76","116","120","282.9","157","113","265","0.0","0.0","21702","0","0","0","0:00","15.0","0:00","No","09:08.12.5","14","0.0","33","15","46","05:18:42","06:24:54","1,305","2,863"
Road Cycling,2022-10-01 10:41:26,false,"Bogota, D.C. - Recovery","41.83","516","01:40:06","120","148","2.6","0","0","25.1","48.1","103","92","0.00","0.0","0.0","0","87","108","74","34.2","78","75","298","0.0","0.0","8271","0","0","0","0:00","16.0","0:00","No","00:53.82.3","7","0.0","31","20","37","01:39:56","01:40:59","2,560","2,642"
Road Cycling,2022-09-30 05:03:57,false,"Bogota, D.C. - Resistencia en llano","58.90","771","01:55:35","145","159","3.5","0","0","30.6","48.1","150","162","0.00","0.0","0.0","0","88","106","102","73.9","109","100","200","0.0","0.0","9864","0","0","0","0:00","10.0","0:00","No","04:01.75.7","9","0.0","32","22","43","01:55:17","01:55:58","2,553","2,629"
Road Cycling,2022-09-29 06:02:46,false,"Bogota, D.C. - Resistencia con montaña","66.73","1,088","02:32:10","155","187","5.0","0","0","26.3","66.2","667","670","0.00","0.0","0.0","0","83","109","124","145.3","161","114","220","0.0","0.0","11740","0","0","0","0:00","11.0","0:00","No","00:13.85.4","12","0.0","35","13","45","02:32:05","02:33:22","2,535","2,840"
Road Cycling,2022-09-28 04:58:52,false,"Bogota, D.C. - Intervalos Z5-Z2","58.60","781","01:58:32","152","178","4.1","0","0","29.7","51.0","160","167","0.00","0.0","0.0","0","85","112","114","95.3","124","101","278","0.0","0.0","9754","0","0","0","0:00","6.0","0:00","No","00:47.74.9","43","0.0","36","20","47","01:58:23","02:00:15","2,555","2,637"
Road Cycling,2022-09-27 10:42:23,false,"Bogota, D.C. - Resistencia en llano","58.87","817","02:02:35","153","167","3.6","0","0","28.8","47.4","194","164","0.00","0.0","0.0","0","87","105","100","76.2","108","99","167","0.0","0.0","10404","0","0","0","0:00","20.0","0:00","No","02:34.58.3","9","0.0","35","21","45","02:02:28","02:03:09","2,549","2,616"
Road Cycling,2022-09-25 12:18:10,false,"La Calera Road Cycling","21.76","381","01:00:52","154","185","3.5","0","0","21.5","49.2","301","269","0.00","0.0","0.0","0","77","107","120","53.8","132","122","258","0.0","0.0","3520","0","0","0","0:00","21.0","0:00","No","12:49.26","3","0.0","33","21","45","00:59:25","01:15:01","2,577","3,011"
Road Cycling,2022-09-25 05:35:56,false,"Bogota, D.C. Road Cycling","89.68","1,683","03:52:39","156","184","5.0","0","0","23.1","66.8","1,460","1,231","0.00","0.0","0.0","0","79","109","129","239.4","151","124","411","0.0","0.0","15910","0","0","0","0:00","8.0","0:00","No","02:00.92.7","12","0.0","34","14","48","03:52:12","05:03:58","2,562","3,048"
Road Cycling,2022-09-24 06:42:13,false,"Bogota, D.C. Road Cycling","80.21","1,833","04:35:42","155","188","5.0","0","0","17.5","55.0","2,257","2,226","0.00","0.0","0.0","0","74","109","126","271.6","153","129","250","0.0","0.0","15231","0","0","0","0:00","8.0","0:00","No","14:19.18.5","10","0.0","33","14","46","04:35:19","06:04:51","1,974","3,358"
Road Cycling,2022-09-23 06:12:24,false,"Bogota, D.C. - Recovery","28.44","312","01:06:09","121","135","2.1","0","0","25.8","41.3","45","52","0.00","0.0","0.0","0","87","105","70","19.8","76","70","124","0.0","0.0","5374","0","0","0","0:00","9.0","0:00","No","09:49.47.6","4","0.0","26","18","34","01:06:04","01:07:54","2,559","2,584"
Road Cycling,2022-09-22 06:05:20,false,"Bogota, D.C. - Pirámide Z5","60.07","958","02:19:52","152","184","4.2","0","0","25.8","64.5","485","469","0.00","0.0","0.0","0","83","110","117","118.4","141","104","252","0.0","0.0","11338","0","0","0","0:00","11.0","0:00","No","00:03.78.8","34","0.0","34","21","45","02:19:45","02:21:42","2,548","2,900"
Road Cycling,2022-09-21 05:59:48,false,"Bogota, D.C. - Fuerza Z3 en llano","71.32","955","02:24:14","144","168","3.9","0","0","29.7","49.5","195","207","0.00","0.0","0.0","0","82","110","104","96.2","123","99","168","0.0","0.0","11496","0","0","0","0:00","8.0","0:00","No","00:30.70.8","12","0.0","33","19","43","02:23:58","02:25:07","2,554","2,634"
Road Cycling,2022-09-20 06:02:52,false,"Bogota, D.C. - Resistencia en llano","54.35","722","01:52:18","137","158","3.4","0","0","29.0","45.0","139","146","0.00","0.0","0.0","0","88","106","98","67.2","105","96","185","0.0","0.0","9541","0","0","0","0:00","11.0","0:00","No","06:02.47.7","8","0.0","32","19","41","01:52:13","01:52:46","2,554","2,652"
Road Cycling,2022-09-18 05:42:15,false,"Bogota, D.C. Road Cycling","140.34","1,883","04:37:05","0","0","2.5","0","0","30.4","63.8","682","676","0.00","0.0","0.0","0","81","113","121","249.7","155","112","360","0.0","0.0","20183","0","0","0","0:00","11.0","0:00","No","07:22.33.8","18","0.0","--","--","--","04:35:31","05:49:32","2,580","2,927"
Road Cycling,2022-09-17 07:04:17,false,"Bogota, D.C. - Resistencia en llano","86.55","1,226","03:03:51","150","172","4.2","0","0","28.2","46.9","239","233","0.00","0.0","0.0","0","89","106","101","115.9","108","99","218","0.0","0.0","16013","0","0","0","0:00","12.0","0:00","No","01:23.73.3","13","0.0","34","21","43","03:03:45","03:15:39","2,558","2,628"
Road Cycling,2022-09-16 05:00:07,false,"Bogota, D.C. - Resistencia con montaña Z4,5","55.62","819","01:59:39","152","182","4.4","0","0","27.9","67.0","347","359","0.00","0.0","0.0","0","85","106","113","94.0","153","105","211","0.0","0.0","9706","0","0","0","0:00","8.0","0:00","No","04:39.00.2","8","0.0","35","22","45","01:59:30","02:01:50","2,567","2,880"
Road Cycling,2022-09-15 05:02:40,false,"Bogota, D.C. - Tempo 3 x 15'","61.36","832","02:03:36","155","178","4.4","0","0","29.8","52.3","165","170","0.00","0.0","0.0","0","91","112","108","88.8","122","104","198","0.0","0.0","10705","0","0","0","0:00","9.0","0:00","No","00:11.08.6","13","0.0","36","18","50","02:03:27","02:04:59","2,556","2,617"
Road Cycling,2022-09-14 06:05:21,false,"Bogota, D.C. - Resistencia en llano","58.85","785","02:01:42","151","171","3.6","0","0","29.0","47.2","156","165","0.00","0.0","0.0","0","89","105","99","73.4","108","96","182","0.0","0.0","10452","0","0","0","0:00","11.0","0:00","No","01:20.49.6","10","0.0","35","21","43","02:01:34","02:02:46","2,536","2,705"
Road Cycling,2022-09-05 05:35:05,false,"Bogota, D.C. - Resistencia en llano","48.96","620","01:44:12","135","156","2.9","0","0","28.2","44.7","121","133","0.00","0.0","0.0","0","87","106","90","52.2","99","89","152","0.0","0.0","8744","0","0","0","0:00","8.0","0:00","No","08:53.54.1","7","0.0","31","18","43","01:44:05","01:45:05","2,520","2,585"
Road Cycling,2022-09-04 06:42:43,false,"Bogota, D.C. Road Cycling","127.45","2,506","05:53:44","155","190","5.0","0","0","21.6","61.9","2,116","2,100","0.00","0.0","0.0","0","79","117","127","353.0","165","122","395","0.0","0.0","24123","0","0","0","0:00","11.0","0:00","No","10:06.62.9","16","0.0","33","13","50","05:51:02","06:48:13","1,239","2,804"
Road Cycling,2022-09-03 06:43:54,false,"Bogota, D.C. - Resistencia con montaña","77.79","1,401","03:08:11","156","187","5.0","0","0","24.8","73.1","994","992","0.00","0.0","0.0","0","81","106","129","195.0","162","119","239","0.0","0.0","14590","0","0","0","0:00","12.0","0:00","No","00:12.14.2","13","0.0","33","19","42","03:08:03","03:24:14","2,552","2,858"
Road Cycling,2022-09-02 05:45:14,false,"Bogota, D.C. - Intervalos 2S 3x4'","66.05","860","02:13:21","143","183","3.9","0","0","29.7","51.0","160","177","0.00","0.0","0.0","0","88","110","118","114.3","123","99","218","0.0","0.0","11240","0","0","0","0:00","10.0","0:00","No","03:57.53.3","19","0.0","33","19","49","02:13:15","02:16:30","2,557","2,679"
Road Cycling,2022-09-01 05:13:27,false,"Bogota, D.C. - Fuerza Z4","58.88","854","02:08:28","147","179","4.0","0","0","27.5","63.9","450","481","0.00","0.0","0.0","0","80","107","112","98.9","112","100","197","0.0","0.0","10060","0","0","0","0:00","11.0","0:00","No","00:53.15.2","12","0.0","33","19","43","02:08:01","02:12:50","2,563","2,809"
Road Cycling,2022-08-31 05:04:19,false,"Bogota, D.C. - Intervalos Hiit","60.48","859","02:10:55","145","179","3.9","0","0","27.7","63.1","440","448","0.00","0.0","0.0","0","84","107","115","106.1","117","101","245","0.0","0.0","10766","0","0","0","0:00","9.0","0:00","No","00:20.00","52","0.0","33","19","46","02:10:41","02:15:22","2,564","2,779"
Road Cycling,2022-08-30 06:04:30,false,"Bogota, D.C. - Resistencia en llano","54.34","733","01:51:47","140","158","3.4","0","0","29.2","47.0","144","151","0.00","0.0","0.0","0","89","107","100","69.4","109","98","221","0.0","0.0","9662","0","0","0","0:00","8.0","0:00","No","04:01.75.9","8","0.0","34","19","42","01:51:44","01:52:16","2,559","2,656"
Road Cycling,2022-08-28 05:37:34,false,"Bogota, D.C. Road Cycling","105.47","1,668","04:18:39","149","185","4.9","0","0","24.5","60.3","1,194","1,151","0.00","0.0","0.0","0","81","113","113","205.5","141","107","369","0.0","0.0","18455","0","0","0","0:00","10.0","0:00","No","01:37.46.3","14","0.0","33","14","48","04:18:22","05:57:46","2,549","3,313"
Road Cycling,2022-08-27 06:33:47,false,"Bogota, D.C. - Resistencia con montaña","117.74","2,014","05:23:09","149","192","5.0","0","0","21.9","64.1","1,648","1,622","0.00","0.0","0.0","0","79","107","115","266.2","156","108","281","0.0","0.0","21674","0","0","0","0:00","10.0","0:00","No","00:15.07.1","16","0.0","32","12","43","05:22:41","07:44:31","1,700","2,793"
Road Cycling,2022-08-25 05:59:46,false,"Bogota, D.C. - Pirámide Z5","48.71","669","01:38:51","147","181","3.7","0","0","29.6","48.2","137","141","0.00","0.0","0.0","0","86","118","119","86.1","130","105","228","0.0","0.0","8097","0","0","0","0:00","9.0","0:00","No","00:30.00","26","0.0","33","14","44","01:38:39","02:14:52","2,563","2,633"
Road Cycling,2022-08-24 15:56:40,false,"Bogota, D.C. - Resistencia en llano Z2-Z3","56.23","774","01:59:36","136","165","3.3","0","0","28.2","46.9","159","159","0.00","0.0","0.0","0","87","103","103","78.2","117","98","182","0.0","0.0","9943","0","0","0","0:00","15.0","0:00","No","01:00.03.2","11","0.0","31","21","43","01:59:21","02:00:10","2,566","2,624"
Road Cycling,2022-08-21 07:23:37,false,"Cajicá Road Cycling","88.46","1,557","03:52:43","147","186","5.0","0","0","22.8","51.5","1,109","1,092","0.00","0.0","0.0","0","81","124","127","230.2","156","124","472","0.0","0.0","14802","0","0","0","0:00","12.0","0:00","No","15:47.29.9","11","0.0","31","14","50","03:52:08","05:13:33","2,572","3,139"
Road Cycling,2022-08-21 05:53:29,false,"Bogota, D.C. Road Cycling","10.50","140","00:26:30","129","147","1.8","0","0","23.8","39.7","28","21","0.00","0.0","0.0","0","84","101","82","10.8","77","80","164","0.0","0.0","2076","0","0","0","0:00","8.0","0:00","No","05:45.47.5","2","0.0","29","24","37","00:26:28","00:29:39","2,575","2,595"
Road Cycling,2022-08-20 07:05:46,false,"Bogota, D.C. - Resistencia con montaña","86.30","1,465","04:00:48","144","187","4.8","0","0","21.5","56.0","889","866","0.00","0.0","0.0","0","78","112","113","189.7","157","102","368","0.0","0.0","16386","0","0","0","0:00","12.0","0:00","No","00:26.53.4","14","0.0","31","15","44","04:00:20","05:52:36","2,576","2,921"
Road Cycling,2022-08-19 16:06:36,false,"Bogota, D.C. - Resistencia en llano","50.86","700","01:55:05","136","154","3.1","0","0","26.5","44.6","143","151","0.00","0.0","0.0","0","86","105","95","63.9","101","94","150","0.0","0.0","9301","0","0","0","0:00","16.0","0:00","No","05:05.08.2","8","0.0","31","19","40","01:54:47","01:57:57","2,569","2,647"
Road Cycling,2022-08-18 16:16:06,false,"Bogota, D.C. - Fuerza Z4","58.46","897","02:22:08","140","174","3.5","0","0","24.7","64.5","438","452","0.00","0.0","0.0","0","77","102","109","103.6","138","100","183","0.0","0.0","10396","0","0","0","0:00","14.0","0:00","No","00:24.50.4","15","0.0","31","16","41","02:21:45","02:28:11","2,570","2,861"
Road Cycling,2022-08-17 16:09:58,false,"Bogota, D.C. - Intervalos","56.02","794","02:07:59","136","177","3.4","0","0","26.3","46.6","156","159","0.00","0.0","0.0","0","83","109","110","96.4","119","97","230","0.0","0.0","9930","0","0","0","0:00","16.0","0:00","No","01:00.00","19","0.0","32","19","48","02:07:43","02:16:56","2,567","2,648"
Road Cycling,2022-08-14 06:06:12,false,"Cartagena Road Cycling","86.51","1,453","02:51:45","170","194","5.0","0","0","30.2","61.6","435","446","0.00","0.0","0.0","0","87","114","148","233.9","172","133","462","0.0","0.0","14221","0","0","0","0:00","24.0","0:00","No","11:23.76.3","11","0.0","38","23","50","02:51:00","03:23:12","-4","85"
Road Cycling,2022-08-14 05:27:25,false,"Cartagena Road Cycling","0.48","5","00:01:54.7","102","108","0.0","0","0","15.0","22.6","1","--","0.00","0.0","0.0","0","94","98","53","0.2","--","62","89","0.0","0.0","99","0","0","0","0:00","26.0","0:00","No","01:54.65.5","1","0.0","25","20","31","00:01:50","00:01:54.7","12","13"
Road Cycling,2022-08-13 05:53:13,false,"Cartagena - Recovery","38.41","499","01:40:55","113","149","2.2","0","0","22.8","36.7","92","86","0.00","0.0","0.0","0","84","106","76","35.9","82","75","161","0.0","0.0","7723","0","0","0","0:00","24.0","0:00","No","04:07.08.9","6","0.0","28","13","40","01:38:52","03:04:34","-17","12"
Road Cycling,2022-08-11 05:56:37,false,"Bogota, D.C. - Fuerza Z3 en llano","56.18","789","02:01:02","135","162","3.5","0","0","27.8","49.1","151","160","0.00","0.0","0.0","0","77","105","104","81.1","120","99","168","0.0","0.0","8943","0","0","0","0:00","10.0","0:00","No","00:53.81","11","0.0","31","17","42","02:00:40","02:01:57","2,554","2,680"
Road Cycling,2022-08-09 16:06:49,false,"Bogota, D.C. - Activaciones","54.17","743","02:07:57","125","165","3.1","0","0","25.4","45.5","138","145","0.00","0.0","0.0","0","84","120","92","66.3","106","87","335","0.0","0.0","10364","0","0","0","0:00","13.0","0:00","No","00:15.00","20","0.0","29","16","38","02:07:47","02:09:36","2,568","2,627"
Road Cycling,2022-08-07 05:42:42,false,"Bogota, D.C. Road Cycling","146.21","2,509","06:11:34","153","187","5.0","0","0","23.6","64.5","1,887","1,882","0.00","0.0","0.0","0","80","111","125","348.0","150","119","373","0.0","0.0","24647","0","0","0","0:00","6.0","0:00","No","03:57.21.2","19","0.0","33","14","46","06:08:28","07:43:06","2,498","3,371"
Road Cycling,2022-08-06 10:19:01,false,"Bogota, D.C. - Resistencia en llano","68.26","981","02:27:48","143","157","3.7","0","0","27.7","48.7","217","197","0.00","0.0","0.0","0","88","103","100","91.9","108","99","170","0.0","0.0","12651","0","0","0","0:00","16.0","0:00","No","04:33.63","10","0.0","32","20","40","02:27:33","02:31:10","2,556","2,655"
Road Cycling,2022-08-05 05:01:14,false,"Bogota, D.C. - Tempo 2 x 20'","54.01","763","01:53:50","141","173","3.8","0","0","28.5","50.9","161","169","0.00","0.0","0.0","0","88","108","107","80.6","125","101","198","0.0","0.0","9609","0","0","0","0:00","10.0","0:00","No","00:22.34.7","11","0.0","34","13","49","01:53:38","01:57:33","2,557","2,640"
Road Cycling,2022-08-04 05:30:59,false,"Bogota, D.C. - Resistencia con montaña Z4,5","55.52","815","02:07:18","147","183","4.1","0","0","26.2","70.3","347","359","0.00","0.0","0.0","0","82","102","108","91.5","144","100","209","0.0","0.0","9825","0","0","0","0:00","9.0","0:00","No","05:00.00","9","0.0","33","19","46","02:07:01","02:11:57","2,561","2,904"
Road Cycling,2022-08-03 06:08:55,false,"Bogota, D.C. - Intervalos Z4-Z2","58.78","811","02:12:03","142","174","3.6","0","0","26.7","47.8","162","168","0.00","0.0","0.0","0","84","112","104","88.6","119","97","200","0.0","0.0","10351","0","0","0","0:00","9.0","0:00","No","01:00.00","47","0.0","33","17","45","02:11:07","02:14:16","2,552","2,613"
Road Cycling,2022-08-02 12:08:53,false,"Bogota, D.C. - Resistencia en llano","46.36","676","01:43:22","130","149","3.2","0","0","26.9","44.8","129","174","0.00","0.0","0.0","0","87","106","100","63.9","108","98","183","0.0","0.0","8673","0","0","0","0:00","13.0","0:00","No","00:41.02.1","8","0.0","31","19","42","01:43:17","01:43:25","2,523","2,630"
Road Cycling,2022-07-31 05:40:55,false,"Bogota, D.C. Road Cycling","170.85","3,271","08:08:13","156","192","5.0","0","0","21.0","66.0","2,434","2,410","0.00","0.0","0.0","0","78","112","115","398.1","152","113","287","0.0","0.0","32924","0","0","0","0:00","10.0","0:00","No","06:27.55","22","0.0","32","17","43","08:07:00","10:55:13","1,844","3,171"
Road Cycling,2022-07-30 06:49:56,false,"Bogota, D.C. - Resistencia en llano","64.21","1,000","02:35:10","145","173","3.7","0","0","24.8","46.8","237","237","0.00","0.0","0.0","0","85","105","100","95.6","110","97","201","0.0","0.0","12723","0","0","0","0:00","12.0","0:00","No","05:09.97.6","10","0.0","32","19","41","02:34:52","04:18:57","2,563","2,698"
Road Cycling,2022-07-29 05:33:26,false,"Bogota, D.C. - Recovery","36.46","461","01:28:31","0","0","2.2","0","0","24.7","44.7","99","97","0.00","0.0","0.0","0","83","101","76","31.3","81","76","166","0.0","0.0","7022","0","0","0","0:00","8.0","0:00","No","10:38.78.3","5","0.0","--","--","--","01:28:22","01:31:51","2,561","2,610"
Road Cycling,2022-07-28 16:18:42,false,"Bogota, D.C. - Intervalos 2S 4x3'","58.98","858","02:10:01","146","180","3.8","0","0","27.2","51.2","146","154","0.00","0.0","0.0","0","80","111","117","109.1","119","99","217","0.0","0.0","10101","0","0","0","0:00","13.0","0:00","No","02:13.98.8","22","0.0","32","19","42","02:09:50","02:14:49","2,555","2,618"
Road Cycling,2022-07-27 06:19:05,false,"Bogota, D.C. - Resistencia en llano","54.12","770","01:59:39","146","165","3.5","0","0","27.1","47.3","141","151","0.00","0.0","0.0","0","86","101","99","72.5","107","97","200","0.0","0.0","9820","0","0","0","0:00","9.0","0:00","No","07:06.65.4","8","0.0","35","21","43","01:59:21","02:01:40","2,555","2,617"
Road Cycling,2022-07-24 07:30:33,false,"Santafé de Antioquia Road Cycling","40.72","976","01:44:27","0","0","0.1","0","0","23.4","60.4","463","469","0.00","0.0","0.0","0","0","0","--","0.0","--","0","0","0.0","0.0","--","0","0","0","0:00","23.0","0:00","No","02:31.88.6","6","0.0","--","--","--","01:44:22","01:47:26","495","735"
Road Cycling,2022-07-23 12:47:08,false,"Sopetrán Road Cycling","14.69","296","00:41:19","144","172","2.7","0","0","21.3","42.4","172","100","0.00","0.0","0.0","0","0","0","--","0.0","--","0","0","0.0","0.0","--","0","0","0","0:00","25.0","0:00","No","19:08.57.4","2","0.0","33","20","41","00:40:42","00:46:29","555","679"
Road Cycling,2022-07-20 07:07:43,false,"Bogota, D.C. - Resistencia con montaña Z5","90.25","1,536","04:23:56","143","189","5.0","0","0","20.5","56.1","896","875","0.00","0.0","0.0","0","81","106","114","198.1","158","98","257","0.0","0.0","17901","0","0","0","0:00","12.0","0:00","No","03:55.96.8","13","0.0","30","13","46","04:23:15","06:26:18","2,571","2,931"
Road Cycling,2022-07-19 05:26:33,false,"Bogota, D.C. - Tempo 3 x 15'","48.59","689","01:46:58","143","172","3.6","0","0","27.3","47.6","157","162","0.00","0.0","0.0","0","90","113","104","70.9","118","99","233","0.0","0.0","9100","0","0","0","0:00","9.0","0:00","No","00:19.37.8","11","0.0","33","19","46","01:46:34","01:50:18","2,567","2,659"
Road Cycling,2022-07-17 06:03:23,false,"Bogota, D.C. - Resistencia con montaña","128.75","2,249","05:18:27","154","183","5.0","0","0","24.3","59.1","1,388","1,378","0.00","0.0","0.0","0","81","110","120","282.1","148","114","340","0.0","0.0","23466","0","0","0","0:00","12.0","0:00","No","00:29.90.9","19","0.0","32","15","46","05:17:59","07:37:17","1,672","2,688"
Road Cycling,2022-07-16 06:40:45,false,"Bogota, D.C. Road Cycling","128.68","1,974","05:31:39","151","185","5.0","0","0","23.3","50.6","869","846","0.00","0.0","0.0","0","82","109","102","215.0","141","98","274","0.0","0.0","23610","0","0","0","0:00","11.0","0:00","No","14:47.40.1","16","0.0","32","16","42","05:27:00","06:37:54","2,548","3,060"
Road Cycling,2022-07-15 04:59:11,false,"Bogota, D.C. Road Cycling","37.91","688","01:55:20","150","195","4.8","0","0","19.7","55.0","514","520","0.00","0.0","0.0","0","80","108","121","104.7","165","113","294","0.0","0.0","7086","0","0","0","0:00","8.0","0:00","No","00:26.61.4","8","0.0","34","16","54","01:51:36","02:20:23","2,564","3,024"
Road Cycling,2022-07-14 05:59:59,false,"Bogota, D.C. - Easy ride","41.82","518","01:44:06","123","139","2.7","0","0","24.1","44.4","108","108","0.00","0.0","0.0","0","86","106","73","34.2","81","74","142","0.0","0.0","8463","0","0","0","0:00","8.0","0:00","No","00:11.50.3","9","0.0","27","16","36","01:43:36","01:46:32","2,551","2,651"
Road Cycling,2022-07-13 06:03:30,false,"Bogota, D.C. - Pirámide Z5","48.90","689","01:46:14","152","187","3.9","0","0","27.6","50.9","149","156","0.00","0.0","0.0","0","81","107","119","93.1","128","102","273","0.0","0.0","8079","0","0","0","0:00","10.0","0:00","No","00:30.00","26","0.0","34","19","44","01:45:08","01:47:08","2,562","2,669"
Road Cycling,2022-07-10 08:07:00,false,"Bogota, D.C. - Resistencia con montaña","73.35","1,336","02:58:23","167","191","5.0","0","0","24.7","66.0","898","883","0.00","0.0","0.0","0","81","107","125","173.3","150","117","233","0.0","0.0","13893","0","0","0","0:00","17.0","0:00","No","00:04.33.3","12","0.0","36","20","47","02:57:51","03:14:07","2,360","2,865"
Road Cycling,2022-07-09 08:09:23,false,"Bogota, D.C. - Resistencia con montaña Z4,5","58.75","964","02:21:40","160","191","5.0","0","0","24.9","63.5","464","464","0.00","0.0","0.0","0","83","107","114","113.6","149","105","208","0.0","0.0","11152","0","0","0","0:00","14.0","0:00","No","00:58.71","10","0.0","33","19","44","02:20:10","02:33:28","2,566","2,869"
Road Cycling,2022-07-08 06:08:03,false,"Bogota, D.C. - Intervalos Z4-Z2 (carretera)","49.03","660","01:44:22","160","185","4.0","0","0","28.2","53.1","159","154","0.00","0.0","0.0","0","84","115","109","76.6","118","101","238","0.0","0.0","8207","0","0","0","0:00","12.0","0:00","No","01:00.00","45","0.0","34","18","43","01:43:40","01:46:30","2,547","2,677"
Indoor Cycling,2022-07-07 19:34:32,false,"Resistencia Variado (Simulador)","0.00","213","00:29:35","153","184","2.9","0","0","--","--","--","--","0.00","0.0","0.0","0","82","96","113","23.2","115","105","172","0.0","0.0","2449","0","0","0","0:00","23.0","0:00","No","04:35.17.9","4","0.0","35","22","42","00:00:00","00:30:28","--","--"
Road Cycling,2022-07-01 15:37:04,false,"Rionegro - Fuerza 2 x10'","44.74","778","02:01:01","145","180","3.7","0","0","22.2","67.1","628","623","0.00","0.0","0.0","0","78","119","111","92.8","123","101","269","0.0","0.0","8952","0","0","0","0:00","20.0","0:00","No","00:16.84.1","12","0.0","32","20","44","02:00:18","02:01:01","2,123","2,374"
Road Cycling,2022-06-29 16:43:18,false,"Rionegro - Resistencia en llano","46.73","641","01:46:44","141","162","2.9","0","0","26.3","51.0","302","303","0.00","0.0","0.0","0","88","111","92","55.2","98","90","280","0.0","0.0","8915","0","0","0","0:00","18.0","0:00","No","04:23.34.3","7","0.0","31","19","40","01:45:07","01:47:30","2,103","2,172"
Road Cycling,2022-06-28 11:15:36,false,"Rionegro - Ramps Up","45.37","834","02:02:52","155","191","4.0","0","0","22.2","63.6","749","720","0.00","0.0","0.0","0","80","109","123","114.8","145","108","261","0.0","0.0","9453","0","0","0","0:00","20.0","0:00","No","01:00.00","20","0.0","34","22","44","02:02:47","02:02:52","2,102","2,542"
Road Cycling,2022-06-24 15:54:59,false,"Rionegro - Resistencia con montaña Z5","38.22","606","01:45:12","142","194","3.6","0","0","21.8","59.0","485","481","0.00","0.0","0.0","0","79","108","112","81.9","138","93","270","0.0","0.0","7763","0","0","0","0:00","19.0","0:00","No","01:10.75.4","6","0.0","30","20","46","01:45:03","01:45:12","2,108","2,370"
Road Cycling,2022-06-23 16:04:57,false,"Rionegro - Tempo 2 x 20'","52.23","791","01:54:34","141","169","3.5","0","0","27.4","52.9","389","393","0.00","0.0","0.0","0","88","114","110","84.8","129","105","310","0.0","0.0","9717","0","0","0","0:00","19.0","0:00","No","02:58.27.2","10","0.0","34","18","45","01:54:00","01:54:34","2,106","2,192"
Road Cycling,2022-06-22 15:30:52,false,"Rionegro - Resistencia con montaña Z4,5","48.20","900","02:12:11","149","182","4.2","0","0","21.9","63.9","800","810","0.00","0.0","0.0","0","79","108","121","120.2","154","112","271","0.0","0.0","9488","0","0","0","0:00","18.0","0:00","No","05:00.00","8","0.0","33","20","44","02:12:06","02:12:11","2,075","2,501"
Road Cycling,2022-06-21 16:05:03,false,"Rionegro - Fuerza Z4 3 x8'","41.75","720","01:50:45","137","175","3.3","0","0","22.6","59.3","524","523","0.00","0.0","0.0","0","76","107","113","87.6","112","102","283","0.0","0.0","7937","0","0","0","0:00","18.0","0:00","No","00:17.90.2","14","0.0","30","15","43","01:49:53","01:52:36","2,109","2,287"
Road Cycling,2022-06-19 06:06:26,false,"Rionegro Road Cycling","85.70","1,804","04:23:33","158","191","5.0","0","0","19.5","52.9","1,726","1,331","0.00","0.0","0.0","0","73","106","125","253.9","171","117","411","0.0","0.0","16724","0","0","0","0:00","12.0","0:00","No","17:12.56.2","11","0.0","33","19","45","04:21:51","04:39:05","2,110","2,586"
Road Cycling,2022-06-18 07:52:57,false,"Rionegro - Resistencia con montaña","57.35","973","02:30:55","145","193","4.7","0","0","22.8","54.7","710","705","0.00","0.0","0.0","0","78","108","124","143.3","170","107","370","0.0","0.0","10562","0","0","0","0:00","16.0","0:00","No","03:10.82.6","10","0.0","32","16","45","02:29:03","04:08:26","2,118","2,545"
Road Cycling,2022-06-16 05:59:08,false,"Rionegro - Resistencia en llano","47.11","683","01:51:27","145","164","3.2","0","0","25.4","50.4","314","316","0.00","0.0","0.0","0","84","106","95","62.1","101","93","244","0.0","0.0","8883","0","0","0","0:00","13.0","0:00","No","02:16.96.4","8","0.0","35","21","42","01:49:30","01:51:27","2,121","2,185"
Road Cycling,2022-06-15 06:07:21,false,"Rionegro - Hiit","51.43","850","02:19:30","149","179","3.7","0","0","22.1","55.2","581","580","0.00","0.0","0.0","0","78","109","108","99.6","117","98","240","0.0","0.0","10122","0","0","0","0:00","14.0","0:00","No","00:06.80.1","57","0.0","34","19","43","02:18:36","02:19:30","2,088","2,227"
Road Cycling,2022-06-14 06:02:58,false,"Rionegro - Intervalos 2S 4x3'","62.10","882","02:24:48","150","186","3.9","0","0","25.7","50.3","398","412","0.00","0.0","0.0","0","81","111","113","113.8","117","92","258","0.0","0.0","11214","0","0","0","0:00","14.0","0:00","No","03:00.00","21","0.0","33","19","50","02:23:59","02:24:48","2,098","2,171"
Road Cycling,2022-06-12 07:02:57,false,"Rionegro - Resistencia con montaña","73.78","1,387","03:16:04","161","195","5.0","0","0","22.6","58.6","1,198","1,183","0.00","0.0","0.0","0","78","106","126","191.5","159","114","295","0.0","0.0","14116","0","0","0","0:00","15.0","0:00","No","02:28.59.1","11","0.0","35","19","45","03:15:22","04:21:23","1,600","2,258"
Road Cycling,2022-06-10 06:06:48,false,"Rionegro - Fuerza Z4","50.19","893","02:18:43","151","182","4.3","0","0","21.7","56.0","613","609","0.00","0.0","0.0","0","77","106","111","105.5","131","104","256","0.0","0.0","9703","0","0","0","0:00","13.0","0:00","No","00:58.54.3","12","0.0","34","13","47","02:17:42","02:18:43","2,110","2,454"
Road Cycling,2022-06-08 06:01:31,false,"Rionegro - Resistencia en llano","51.11","766","02:00:30","145","170","3.4","0","0","25.4","49.1","354","361","0.00","0.0","0.0","0","87","113","98","71.2","103","95","286","0.0","0.0","10066","0","0","0","0:00","11.0","0:00","No","00:30.37.8","8","0.0","34","20","42","01:58:59","02:01:35","2,100","2,171"
Road Cycling,2022-06-06 06:11:13,false,"Rionegro - Ramps Up","40.36","703","02:00:08","148","187","3.7","0","0","20.2","50.6","548","562","0.00","0.0","0.0","0","77","107","110","89.3","114","99","257","0.0","0.0","8226","0","0","0","0:00","13.0","0:00","No","00:30.00","24","0.0","33","20","45","01:57:42","02:00:08","2,122","2,243"
Road Cycling,2022-06-05 07:44:45,false,"Rionegro - Resistencia con montaña Z4,5","63.65","1,177","03:11:16","156","186","5.0","0","0","20.0","62.7","1,034","1,014","0.00","0.0","0.0","0","78","109","112","147.2","142","105","281","0.0","0.0","13087","0","0","0","0:00","16.0","0:00","No","00:17.60","10","0.0","33","20","44","03:03:33","03:48:54","2,106","2,594"
Road Cycling,2022-06-03 06:13:44,false,"Rionegro - Resistencia en llano","47.53","663","01:50:45","141","169","3.2","0","0","25.7","50.6","288","297","0.00","0.0","0.0","0","84","105","91","56.0","90","89","267","0.0","0.0","9025","0","0","0","0:00","14.0","0:00","No","00:45.23.7","7","0.0","33","19","39","01:50:26","01:50:45","2,112","2,183"
Road Cycling,2022-05-31 06:35:52,false,"Rionegro - Tempo 2 x 18'","53.06","744","02:02:39","149","178","3.7","0","0","26.0","63.0","365","377","0.00","0.0","0.0","0","85","110","100","75.6","117","96","269","0.0","0.0","9598","0","0","0","0:00","16.0","0:00","No","01:38.97","12","0.0","33","17","43","02:00:26","02:02:39","2,110","2,263"
Road Cycling,2022-05-30 08:21:37,false,"Rionegro - Recuperación activa carretera","43.41","642","01:51:54","138","176","2.9","0","0","23.3","59.5","327","334","0.00","0.0","0.0","0","87","114","89","55.0","97","84","316","0.0","0.0","9389","0","0","0","0:00","19.0","0:00","No","09:15.83.8","6","0.0","30","20","38","01:51:33","02:34:30","2,108","2,191"
Road Cycling,2022-05-29 07:36:19,false,"Rionegro Road Cycling","69.27","1,306","03:31:26","148","193","4.9","0","0","19.7","54.2","1,005","1,031","0.00","0.0","0.0","0","78","112","123","196.2","162","107","331","0.0","0.0","13860","0","0","0","0:00","14.0","0:00","No","12:46.52.6","9","0.0","32","15","44","03:30:33","04:37:36","2,124","2,652"
Road Cycling,2022-05-27 15:45:40,false,"Rionegro - Recuperación activa carretera","52.66","728","02:05:41","129","163","3.1","0","0","25.1","65.7","396","392","0.00","0.0","0.0","0","88","111","89","61.2","92","86","255","0.0","0.0","10597","0","0","0","0:00","19.0","0:00","No","05:41.33.9","8","0.0","30","18","37","02:04:57","02:05:41","2,102","2,253"
Road Cycling,2022-05-26 06:12:53,false,"Rionegro - 12 SEGUNDOS NEUROMUSCULAR","47.61","631","01:50:16","130","164","3.1","0","0","25.9","52.0","312","328","0.00","0.0","0.0","0","89","121","92","69.6","99","86","418","0.0","0.0","9552","0","0","0","0:00","15.0","0:00","No","00:12.00","29","0.0","33","18","43","01:49:57","01:50:43","2,103","2,175"
Road Cycling,2022-05-25 06:16:43,false,"Rionegro - FUERZA RESISTENCIA CARRETERA","46.24","698","01:57:51","139","171","3.3","0","0","23.5","52.2","446","449","0.00","0.0","0.0","0","78","112","102","91.0","112","94","256","0.0","0.0","8507","0","0","0","0:00","15.0","0:00","No","00:09.91.8","24","0.0","31","17","44","01:55:22","02:03:57","2,120","2,194"
Road Cycling,2022-05-24 06:12:07,false,"Rionegro - Recuperación activa carretera","47.70","617","01:58:53","119","162","2.6","0","0","24.1","50.0","320","329","0.00","0.0","0.0","0","88","110","79","55.3","79","75","257","0.0","0.0","10195","0","0","0","0:00","13.0","0:00","No","16:29.81.8","6","0.0","30","18","39","01:58:06","01:58:53","2,162","2,349"
Road Cycling,2022-05-22 06:10:42,false,"Medellin Road Cycling","78.59","1,955","04:02:53","166","189","5.0","0","0","19.4","62.9","1,768","782","0.00","0.0","0.0","0","79","118","135","330.0","157","130","335","0.0","0.0","17660","0","0","0","0:00","16.0","0:00","No","15:53.36.4","10","0.0","37","13","48","04:01:43","04:14:26","1,481","2,477"
Road Cycling,2022-05-22 05:16:00,false,"Envigado Road Cycling","18.58","70","00:31:33","89","147","0.6","0","0","35.3","94.8","25","1,016","0.00","0.0","0.0","0","68","107","66","10.3","28","71","218","0.0","0.0","795","0","0","0","0:00","13.0","0:00","No","09:47.22.1","3","0.0","19","12","33","00:30:44","00:31:33","1,530","2,525"
Indoor Cycling,2022-05-20 07:07:36,false,"Recuperación activa","29.47","384","01:15:01","125","139","2.2","0","0","23.6","27.8","--","--","0.00","0.0","0.0","0","90","99","71","34.4","74","70","125","0.0","0.0","6803","0","0","0","0:00","18.0","0:00","No","00:00.94.4","11","0.0","28","15","33","01:15:01","01:15:01","--","--"
Indoor Cycling,2022-05-19 07:05:25,false,"12 SEGUNDOS NEUROMUSCULAR","30.76","396","01:12:01","138","163","2.5","0","0","25.6","48.4","--","--","0.00","0.0","0.0","0","95","125","84","45.7","87","78","237","0.0","0.0","6860","0","0","0","0:00","18.0","0:00","No","00:00.56.4","25","0.0","31","18","38","01:12:00","01:12:01","--","--"
Indoor Cycling,2022-05-18 06:32:23,false,"VO2 estimulacion","46.22","613","01:45:01","140","175","3.2","0","0","26.4","47.0","--","--","0.00","0.0","0.0","0","87","109","105","104.5","98","83","231","0.0","0.0","9222","0","0","0","0:00","19.0","0:00","No","00:00.65.8","31","0.0","30","21","43","01:45:01","01:45:12","--","--"
Indoor Cycling,2022-05-17 06:45:04,false,"Recuperación activa","28.37","381","01:15:01","123","136","2.2","0","0","22.7","26.6","--","--","0.00","0.0","0.0","0","88","100","71","34.1","75","69","141","0.0","0.0","6636","0","0","0","0:00","19.0","0:00","No","00:01.08.2","11","0.0","27","19","39","01:14:49","01:15:01","--","--"
Road Cycling,2022-05-15 09:43:57,false,"La Vega Road Cycling","57.02","1,718","03:23:29","171","185","5.0","0","0","16.8","66.5","1,638","325","0.00","0.0","0.0","0","73","109","134","273.8","144","131","343","0.0","0.0","14296","0","0","0","0:00","20.0","0:00","No","02:03.89.8","8","0.0","38","17","47","03:21:00","03:49:27","1,200","2,784"
Road Cycling,2022-05-15 06:10:58,false,"Bogota, D.C. Road Cycling","56.86","639","01:59:16","137","178","3.7","0","0","28.6","84.8","342","1,638","0.00","0.0","0.0","0","83","121","104","94.0","142","95","228","0.0","0.0","8081","0","0","0","0:00","13.0","0:00","No","02:11.73.3","8","0.0","30","14","43","01:58:09","02:41:04","1,276","2,843"
Road Cycling,2022-05-14 06:31:06,false,"Bogota, D.C. - Z2 - Z3 fondo 3 horas","58.55","1,012","02:17:49","155","176","4.7","0","0","25.5","65.4","442","449","0.00","0.0","0.0","0","83","121","118","141.1","137","114","220","0.0","0.0","10830","0","0","0","0:00","13.0","0:00","No","00:19.84.7","10","0.0","35","15","44","02:16:29","02:27:36","2,546","2,829"
Indoor Cycling,2022-05-13 06:37:38,false,"Recuperación activa","28.92","385","01:15:01","125","138","2.3","0","0","23.1","27.7","--","--","0.00","0.0","0.0","0","88","97","71","34.6","75","70","144","0.0","0.0","6633","0","0","0","0:00","19.0","0:00","No","00:01.35.5","11","0.0","28","18","33","01:14:52","01:15:01","--","--"
Indoor Cycling,2022-05-12 07:07:17,false,"Vo2 + umbral x3","47.06","641","01:36:02","153","183","3.8","0","0","29.4","47.3","--","--","0.00","0.0","0.0","0","88","100","114","113.1","108","96","173","0.0","0.0","8520","0","0","0","0:00","19.0","0:00","No","00:01.84.5","19","0.0","33","23","48","01:36:02","01:36:02","--","--"
Indoor Cycling,2022-05-11 06:53:18,false,"Recuperación activa","28.32","387","01:15:01","121","138","2.3","0","0","22.7","27.4","--","--","0.00","0.0","0.0","0","87","93","72","35.4","76","71","103","0.0","0.0","6553","0","0","0","0:00","18.0","0:00","No","00:00.72.8","11","0.0","27","17","35","01:14:59","01:15:01","--","--"
Indoor Cycling,2022-05-10 06:36:35,false,"Vo2 + umbral x3","46.10","646","01:36:02","152","180","3.8","0","0","28.8","44.9","--","--","0.00","0.0","0.0","0","90","103","114","112.8","109","97","189","0.0","0.0","8694","0","0","0","0:00","20.0","0:00","No","00:01.58.5","19","0.0","32","20","43","01:35:57","01:36:35","--","--"
Road Cycling,2022-05-08 08:09:11,false,"Sopó Road Cycling","145.07","2,563","06:13:09","157","186","5.0","0","0","23.3","71.0","1,638","1,860","0.00","0.0","0.0","0","81","122","117","385.1","144","112","413","0.0","0.0","27454","0","0","0","0:00","13.0","0:00","No","00:43.83.8","19","0.0","34","14","47","06:09:53","07:38:59","2,150","2,886"
Road Cycling,2022-05-08 06:39:07,false,"Bogota, D.C. Road Cycling","9.15","123","00:20:49","143","166","2.1","0","0","26.4","39.1","15","20","0.00","0.0","0.0","0","89","110","92","12.8","84","88","280","0.0","0.0","1771","0","0","0","0:00","13.0","0:00","No","02:12.87.3","2","0.0","31","24","37","00:20:49","00:20:49","2,538","2,567"
Indoor Cycling,2022-05-06 07:00:46,false,"Cambios de ritmo con cadencia y zonas","24.42","420","01:13:02","136","162","2.7","0","0","20.1","30.5","--","--","0.00","0.0","0.0","0","91","107","91","55.1","91","83","154","0.0","0.0","6663","0","0","0","0:00","19.0","0:00","No","00:01.53.9","29","0.0","31","19","40","01:12:59","01:13:02","--","--"
Indoor Cycling,2022-05-05 06:58:37,false,"Recuperación activa","22.49","392","01:15:01","118","132","2.3","0","0","18.0","20.9","--","--","0.00","0.0","0.0","0","87","96","73","36.0","76","71","152","0.0","0.0","6585","0","0","0","0:00","20.0","0:00","No","00:00.78.5","11","0.0","26","21","33","01:14:51","01:15:01","--","--"
Indoor Cycling,2022-05-04 06:50:22,false,"Ftp intermitente simulador","35.17","600","01:28:01","153","178","3.7","0","0","24.0","33.6","--","--","0.00","0.0","0.0","0","93","108","112","99.8","123","99","185","0.0","0.0","8245","0","0","0","0:00","19.0","0:00","No","00:00.72.1","20","0.0","34","18","45","01:27:57","01:28:01","--","--"
Indoor Cycling,2022-05-03 06:52:00,false,"Aerobico z2 y un poquito de z3","25.29","431","01:17:03","127","150","2.5","0","0","19.7","28.0","--","--","0.00","0.0","0.0","0","89","98","83","48.7","88","78","139","0.0","0.0","6880","0","0","0","0:00","20.0","0:00","No","00:02.68","14","0.0","29","14","36","01:16:55","01:21:10","--","--"
Road Cycling,2022-05-01 06:50:29,false,"Bogota, D.C. - Resistencia general z2-z3","70.59","1,307","02:55:56","159","180","5.0","0","0","24.1","68.9","779","784","0.00","0.0","0.0","0","81","114","121","192.6","137","116","301","0.0","0.0","13555","0","0","0","0:00","12.0","0:00","No","14:39.96.6","9","0.0","35","14","43","02:55:23","03:03:58","2,563","2,858"
Road Cycling,2022-04-30 06:25:22,false,"Bogota, D.C. - Resistencia general z2-z3","86.64","1,548","04:00:09","154","189","5.0","0","0","21.6","59.3","857","851","0.00","0.0","0.0","0","81","114","115","239.6","150","109","243","0.0","0.0","16919","0","0","0","0:00","12.0","0:00","No","00:08.65.6","12","0.0","34","17","47","03:57:50","05:31:03","2,567","2,944"
Indoor Cycling,2022-04-29 17:48:52,false,"Recuperación activa","28.14","392","01:15:02","126","140","2.2","0","0","22.5","31.7","--","--","0.00","0.0","0.0","0","86","102","73","36.3","77","72","120","0.0","0.0","6520","0","0","0","0:00","19.0","0:00","No","00:02.22.7","11","0.0","30","16","38","01:14:57","01:16:53","--","--"
Indoor Cycling,2022-04-28 06:36:43,false,"Ftp intermitente + incremental","42.19","728","01:53:48","152","182","3.7","0","0","22.2","35.1","--","--","0.00","0.0","0.0","0","92","112","108","120.1","127","92","179","0.0","0.0","10553","0","0","0","0:00","18.0","0:00","No","00:18.05.9","24","0.0","33","19","44","01:53:47","01:53:48","--","--"
Indoor Cycling,2022-04-27 06:34:12,false,"Recuperación activa","23.30","402","01:17:24","121","138","2.2","0","0","18.1","22.1","--","--","0.00","0.0","0.0","0","90","101","73","37.1","78","71","178","0.0","0.0","6991","0","0","0","0:00","19.0","0:00","No","00:03.60.8","13","0.0","26","18","34","01:17:20","01:17:24","--","--"
Indoor Cycling,2022-04-26 06:34:46,false,"Ftp intermitente + incremental","43.01","753","01:54:13","146","177","3.6","0","0","22.6","34.9","--","--","0.00","0.0","0.0","0","91","107","108","121.4","125","95","173","0.0","0.0","10445","0","0","0","0:00","19.0","0:00","No","01:30.00","24","0.0","32","19","44","01:54:03","01:57:10","--","--"
Road Cycling,2022-04-23 15:27:48,false,"San Luis Road Cycling","28.90","734","01:39:52","156","181","4.0","0","0","17.4","48.5","657","207","0.00","0.0","0.0","0","81","109","123","113.4","138","118","244","0.0","0.0","7404","0","0","0","0:00","22.0","0:00","No","19:44.12.1","4","0.0","33","17","42","01:39:16","01:39:52","598","1,182"
Road Cycling,2022-04-23 09:31:56,false,"Ibague - Recuperación activa carretera","33.45","504","01:42:40","142","190","3.3","0","0","19.5","60.3","332","788","0.00","0.0","0.0","0","73","115","109","90.4","103","100","331","0.0","0.0","5185","0","0","0","0:00","26.0","0:00","No","10:22.18.7","5","0.0","30","18","43","01:38:54","02:07:00","623","1,203"
Road Cycling,2022-04-22 06:04:31,false,"Ibague Road Cycling","43.26","920","02:11:06","162","194","5.0","0","0","19.8","58.6","814","817","0.00","0.0","0.0","0","82","112","136","182.4","144","132","396","0.0","0.0","8611","0","0","0","0:00","15.0","0:00","No","09:06.79.7","6","0.0","34","18","44","02:08:11","02:28:06","1,169","1,848"
Road Cycling,2022-04-20 06:37:23,false,"Cajicá - Reinicio No. 2 Simulador","26.71","445","01:36:33","132","182","3.1","0","0","16.6","42.9","335","127","0.00","0.0","0.0","0","73","109","96","66.3","119","86","232","0.0","0.0","5198","0","0","0","0:00","10.0","0:00","No","05:00.00","14","0.0","29","15","43","01:32:49","02:09:34","2,571","2,823"
Road Cycling,2022-04-17 08:00:02,false,"Rionegro - Aerobico z2 y un poquito de z3","53.08","767","02:10:25","124","162","3.0","0","0","24.4","59.1","390","386","0.00","0.0","0.0","0","83","113","93","84.2","104","85","306","0.0","0.0","10629","0","0","0","0:00","18.0","0:00","No","00:25.27.3","13","0.0","29","18","38","02:10:21","02:10:25","2,117","2,283"
Road Cycling,2022-04-16 07:18:20,false,"Rionegro Road Cycling","50.24","904","02:13:50","138","177","4.1","0","0","22.5","57.3","636","631","0.00","0.0","0.0","0","83","110","117","137.3","143","108","315","0.0","0.0","10262","0","0","0","0:00","16.0","0:00","No","04:31.14.3","7","0.0","30","15","40","02:13:34","02:41:12","2,029","2,448"
Road Cycling,2022-04-14 06:37:44,false,"Rionegro - aerobico 2","48.63","753","01:53:57","139","168","3.3","0","0","25.6","53.4","428","443","0.00","0.0","0.0","0","88","113","103","90.9","107","98","325","0.0","0.0","9813","0","0","0","0:00","16.0","0:00","No","02:00.00","15","0.0","32","17","41","01:53:37","02:00:11","2,092","2,156"
Road Cycling,2022-04-13 06:47:19,false,"Rionegro - RECUPERACION act 1","44.25","696","01:52:53","132","170","3.1","0","0","23.5","49.3","283","282","0.00","0.0","0.0","0","87","115","96","77.4","92","91","332","0.0","0.0","9554","0","0","0","0:00","16.0","0:00","No","11:04.25.2","6","0.0","30","17","39","01:52:36","01:53:17","2,097","2,136"
Road Cycling,2022-04-12 06:41:50,false,"Rionegro - Aerobico","52.94","768","01:57:45","138","167","3.2","0","0","27.0","50.4","320","334","0.00","0.0","0.0","0","88","115","101","89.7","102","96","303","0.0","0.0","10129","0","0","0","0:00","16.0","0:00","No","02:00.00","15","0.0","31","18","39","01:57:19","01:59:04","2,105","2,172"
Road Cycling,2022-04-10 11:08:52,false,"Rionegro Road Cycling","82.82","1,753","04:09:04","155","184","5.0","0","0","20.0","68.5","1,582","1,532","0.00","0.0","0.0","0","74","112","123","284.4","156","118","317","0.0","0.0","16450","0","0","0","0:00","18.0","0:00","No","07:19.95.9","11","0.0","33","20","44","04:08:15","04:30:26","2,025","2,632"
Road Cycling,2022-04-09 07:35:27,false,"Rionegro Road Cycling","64.06","1,129","02:50:37","153","184","4.4","0","0","22.5","60.0","880","875","0.00","0.0","0.0","0","83","116","118","176.4","149","107","384","0.0","0.0","12795","0","0","0","0:00","18.0","0:00","No","12:29.20.5","8","0.0","33","15","43","02:49:25","03:16:10","1,829","2,233"
Road Cycling,2022-04-07 06:20:56,false,"Rionegro - CAMBIO DE RITMO SUB UMBRAL","64.19","946","02:27:49","151","179","4.3","0","0","26.1","71.3","495","511","0.00","0.0","0.0","0","85","115","109","130.6","123","96","379","0.0","0.0","12068","0","0","0","0:00","14.0","0:00","No","00:02.86.5","16","0.0","33","15","43","02:26:03","02:28:42","2,093","2,252"
Road Cycling,2022-04-06 06:35:14,false,"Rionegro - Recuperación activa","30.63","477","01:24:55","134","165","2.7","0","0","21.6","56.6","267","272","0.00","0.0","0.0","0","84","108","92","53.4","85","84","431","0.0","0.0","6709","0","0","0","0:00","15.0","0:00","No","19:25.52.9","4","0.0","30","20","37","01:23:55","01:25:37","2,095","2,136"
Road Cycling,2022-04-05 15:10:53,false,"Rionegro - CAMBIO DE RITMO SUB UMBRAL","68.63","996","02:37:54","145","177","4.1","0","0","26.1","68.3","520","513","0.00","0.0","0.0","0","82","113","108","138.3","119","97","430","0.0","0.0","12339","0","0","0","0:00","19.0","0:00","No","00:03.38.8","16","0.0","32","19","45","02:36:50","02:40:46","2,111","2,310"
Road Cycling,2022-04-03 09:19:21,false,"Rionegro Road Cycling","86.55","1,583","03:44:25","158","195","5.0","0","0","23.1","62.8","1,120","942","0.00","0.0","0.0","0","80","120","126","267.2","156","118","379","0.0","0.0","16078","0","0","0","0:00","16.0","0:00","No","16:03.81.8","11","0.0","35","15","49","03:42:03","03:56:48","2,109","2,606"
Road Cycling,2022-04-02 07:36:58,false,"Rionegro Road Cycling","48.84","928","02:32:11","146","180","3.9","0","0","19.3","72.7","832","1,071","0.00","0.0","0.0","0","74","116","117","155.3","127","85","349","0.0","0.0","9124","0","0","0","0:00","16.0","0:00","No","03:56.27.6","7","0.0","30","14","39","02:31:06","03:04:15","1,756","2,229"
Road Cycling,2022-04-01 15:40:00,false,"Rionegro - Recuperación activa","31.19","509","01:38:04","125","162","2.6","0","0","19.1","52.6","358","364","0.00","0.0","0.0","0","77","112","89","57.5","77","70","295","0.0","0.0","6750","0","0","0","0:00","16.0","0:00","No","08:04.16.7","5","0.0","28","19","36","01:34:15","01:38:04","2,077","2,133"
Road Cycling,2022-03-31 15:33:56,false,"Rionegro - CAMBIO DE RITMO SUB UMBRAL","32.87","475","01:17:18","143","179","3.1","0","0","25.5","53.8","259","258","0.00","0.0","0.0","0","87","111","109","68.2","112","87","362","0.0","0.0","6067","0","0","0","0:00","16.0","0:00","No","04:00.00","9","0.0","31","20","41","01:15:08","02:04:12","2,111","2,155"
Road Cycling,2022-03-30 15:17:47,false,"Rionegro - Recuperación activa","43.13","590","01:37:02","143","176","3.0","0","0","26.7","52.0","312","310","0.00","0.0","0.0","0","91","115","100","41.6","93","85","366","0.0","0.0","8250","0","0","0","0:00","19.0","0:00","No","03:01.54.4","7","0.0","31","22","37","01:34:35","01:37:02","2,117","2,201"
Road Cycling,2022-03-29 11:12:09,false,"Rionegro - CAMBIO DE RITMO SUB UMBRAL","58.43","894","02:02:50","162","189","4.7","0","0","28.5","66.2","459","447","0.00","0.0","0.0","0","85","112","126","84.3","140","106","400","0.0","0.0","10052","0","0","0","0:00","24.0","0:00","No","00:03.86.7","17","0.0","36","16","48","02:02:00","02:12:14","2,097","2,340"
Road Cycling,2022-03-26 12:02:11,false,"La Ceja Road Cycling","22.48","252","00:56:39","145","194","2.7","0","0","23.8","60.5","130","346","0.00","0.0","0.0","0","75","110","118","56.6","93","58","432","0.0","0.0","3144","0","0","0","0:00","24.0","0:00","No","17:21.72.5","3","0.0","30","21","45","00:55:27","01:35:26","2,119","2,356"
Indoor Cycling,2022-03-26 11:08:25,false,"La Ceja Road Cycling","0.06","209","00:29:12","164","199","3.0","0","0","0.1","3.1","--","--","0.00","0.0","0.0","0","75","94","138","39.5","126","103","379","0.0","0.0","1993","0","0","0","0:00","29.0","0:00","No","29:12.23.9","1","0.0","32","21","41","00:00:02","00:29:12","2,338","2,364"
Road Cycling,2022-03-26 09:24:41,false,"Rionegro Road Cycling","22.91","467","01:05:47","155","184","3.5","0","0","20.9","58.1","368","143","0.00","0.0","0.0","0","82","112","121","64.1","135","102","355","0.0","0.0","5078","0","0","0","0:00","19.0","0:00","No","17:48.99","3","0.0","33","19","42","01:04:42","01:06:24","2,076","2,325"
Road Cycling,2022-03-25 16:38:29,false,"Rionegro - RECUPERACION act 1","47.58","659","01:43:55","140","173","3.2","0","0","27.5","51.4","330","340","0.00","0.0","0.0","0","87","115","100","69.5","101","89","372","0.0","0.0","8502","0","0","0","0:00","18.0","0:00","No","13:18.06.8","6","0.0","31","18","40","01:41:54","01:44:10","2,045","2,154"
Road Cycling,2022-03-24 11:08:52,false,"Rionegro - AEROBICO RITMO CAMBIO DE RITMO","47.57","686","01:42:29","147","175","3.6","0","0","27.8","52.2","336","317","0.00","0.0","0.0","0","87","120","111","83.2","122","96","334","0.0","0.0","8496","0","0","0","0:00","25.0","0:00","No","00:41.64.4","12","0.0","32","21","41","01:41:38","01:42:29","2,106","2,237"
Road Cycling,2022-03-23 15:40:40,false,"Rionegro - Fuerza resistencia","52.99","775","01:47:48","145","165","3.7","0","0","29.5","69.1","408","384","0.00","0.0","0.0","0","77","123","114","92.8","121","105","304","0.0","0.0","8189","0","0","0","0:00","19.0","0:00","No","03:00.00","17","0.0","33","22","42","01:47:16","01:47:48","2,112","2,266"
Road Cycling,2022-03-23 15:16:47,false,"Rionegro Road Cycling","1.87","38","00:06:51.1","129","171","0.9","0","0","16.3","49.6","38","65","0.00","0.0","0.0","0","72","132","146","9.1","--","75","400","0.0","0.0","329","0","0","0","0:00","23.0","0:00","No","06:51.09.6","1","0.0","28","18","38","00:06:24","00:23:09","2,127","2,161"
Road Cycling,2022-03-20 13:50:58,false,"Santafé de Antioquia Road Cycling","12.75","259","00:47:31","128","160","2.2","0","0","16.1","38.4","194","63","0.00","0.0","0.0","0","72","102","87","23.7","83","74","201","0.0","0.0","3217","0","0","0","0:00","30.0","0:00","No","22:42.36.4","2","0.0","31","18","37","00:47:22","01:42:57","476","636"
Road Cycling,2022-03-20 06:01:19,false,"Sopetrán Road Cycling","151.16","2,360","06:03:36","155","181","5.0","0","0","24.9","80.0","1,303","1,277","0.00","0.0","0.0","0","82","117","109","287.5","114","92","416","0.0","0.0","27905","0","0","0","0:00","21.0","0:00","No","16:37.83.1","19","0.0","32","18","41","05:56:17","06:44:29","497","587"
Road Cycling,2022-03-19 12:17:00,false,"San Jerónimo - Activación carretera","41.60","771","02:24:50","151","180","3.7","0","0","17.2","68.3","541","523","0.00","0.0","0.0","0","83","236","108","96.5","124","88","279","0.0","0.0","9423","0","0","0","0:00","29.0","0:00","No","00:54.39.3","21","0.0","33","20","44","02:02:15","04:04:38","513","792"
Road Cycling,2022-03-18 11:43:22,false,"Rionegro - RECUPERACIÓN","28.22","377","01:22:01","129","171","2.6","0","0","20.6","49.7","216","208","0.00","0.0","0.0","0","86","117","97","43.8","90","74","366","0.0","0.0","5597","0","0","0","0:00","25.0","0:00","No","03:25.13.2","15","0.0","31","19","41","01:08:44","01:12:34","2,042","2,123"
Indoor Cycling,2022-03-17 07:15:44,false,"FTP 120% Vo2 Max 6 x 3 Min","23.33","401","01:01:03","152","184","3.3","0","0","22.9","42.4","--","--","0.00","0.0","0.0","0","97","119","121","59.0","113","96","228","0.0","0.0","5948","0","0","0","0:00","18.0","0:00","No","00:03.11.7","21","0.0","34","17","46","01:01:00","01:01:03","--","--"
Indoor Cycling,2022-03-16 07:00:45,false,"RECUPERACIÓN","16.85","286","01:01:01","126","144","2.1","0","0","16.6","21.9","--","--","0.00","0.0","0.0","0","87","96","68","18.4","73","63","111","0.0","0.0","5361","0","0","0","0:00","20.0","0:00","No","00:01.14.1","14","0.0","28","19","34","01:00:59","01:01:01","--","--"
Indoor Cycling,2022-03-15 06:57:52,false,"FTP 120% Vo2 Max 6 x 3 Min","19.02","326","01:01:01","149","174","3.0","0","0","18.7","33.8","--","--","0.00","0.0","0.0","0","95","111","92","35.2","87","75","200","0.0","0.0","5795","0","0","0","0:00","18.0","0:00","No","00:01.20.7","21","0.0","32","16","38","01:00:58","01:01:01","--","--"
Indoor Cycling,2022-03-14 06:50:45,false,"Reinicio No. 2","20.45","349","01:11:01","121","145","2.2","0","0","17.3","24.3","--","--","0.00","0.0","0.0","0","89","105","71","24.5","75","66","114","0.0","0.0","6329","0","0","0","0:00","19.0","0:00","No","00:01.38.3","12","0.0","27","16","33","01:10:57","01:11:01","--","--"
Indoor Cycling,2022-03-13 12:03:12,false,"Aerobico z1-z2 Semana de descanso","21.18","363","01:14:01","108","129","2.2","0","0","17.2","21.9","--","--","0.00","0.0","0.0","0","87","95","68","18.0","75","66","114","0.0","0.0","6448","0","0","0","0:00","19.0","0:00","No","00:01.25.3","10","0.0","27","16","35","01:14:00","01:14:01","--","--"
Road Cycling,2022-03-12 05:59:11,false,"Bogota, D.C. - TEST CALLE 8' ( Carretera)","135.93","2,048","05:59:03","149","189","4.4","0","0","22.7","70.0","792","788","0.00","0.0","0.0","0","79","113","101","192.9","135","79","414","0.0","0.0","24921","0","0","0","0:00","11.0","0:00","No","00:03.27.2","31","0.0","32","13","52","05:50:14","07:59:06","2,567","2,986"
Indoor Cycling,2022-03-11 06:20:42,false,"RECUPARACION","12.30","224","01:01:11","107","144","1.5","0","0","12.1","21.4","--","--","0.00","0.0","0.0","0","74","97","53","9.1","63","44","98","0.0","0.0","4541","0","0","0","0:00","19.0","0:00","No","01:01:11.03.1","1","0.0","22","13","26","01:00:55","01:01:11","--","--"
Indoor Cycling,2022-03-10 07:02:59,false,"Aerobico z1-z2 Semana de descanso","21.12","370","01:14:01","120","134","2.2","0","0","17.1","21.7","--","--","0.00","0.0","0.0","0","87","96","70","18.7","75","67","157","0.0","0.0","6458","0","0","0","0:00","19.0","0:00","No","00:01.03.4","10","0.0","28","22","38","01:14:01","01:14:01","--","--"
Indoor Cycling,2022-03-09 06:38:33,false,"Neuromuscular","32.69","559","01:45:31","128","156","2.7","0","0","18.6","39.0","--","--","0.00","0.0","0.0","0","92","114","79","34.3","88","73","264","0.0","0.0","9740","0","0","0","0:00","18.0","0:00","No","00:01.32.7","25","0.0","30","14","39","01:45:28","01:45:31","--","--"
Indoor Cycling,2022-03-08 07:26:35,false,"Aerobico z1-z2 Semana de descanso","20.71","363","01:14:02","109","137","2.2","0","0","16.8","21.3","--","--","0.00","0.0","0.0","0","85","94","69","18.2","76","66","127","0.0","0.0","6345","0","0","0","0:00","19.0","0:00","No","00:01.69.7","10","0.0","29","12","38","01:13:59","01:14:02","--","--"
Road Cycling,2022-03-06 08:28:23,false,"Villeta Road Cycling","81.81","2,335","05:41:49","155","183","5.0","0","0","14.4","101.4","2,338","664","0.00","0.0","0.0","0","67","106","117","247.2","135","97","279","0.0","0.0","21106","0","0","0","0:00","12.0","0:00","No","04:52.10.5","11","0.0","34","19","43","05:35:02","08:48:08","756","2,823"
Road Cycling,2022-03-05 09:24:04,false,"Cajicá Road Cycling","106.17","1,268","04:05:17","136","181","3.8","0","0","26.0","99.8","440","2,048","0.00","0.0","0.0","0","81","111","101","130.4","118","70","284","0.0","0.0","15086","0","0","0","0:00","17.0","0:00","No","05:33.81.2","14","0.0","30","14","41","04:00:21","05:03:41","958","2,734"
Indoor Cycling,2022-03-04 17:39:25,false,"Activación carretera","28.50","491","01:37:01","126","161","2.6","0","0","17.6","29.2","--","--","0.00","0.0","0.0","0","87","96","79","31.8","90","69","147","0.0","0.0","8454","0","0","0","0:00","20.0","0:00","No","00:01.29.4","18","0.0","28","14","37","01:36:54","01:37:14","--","--"
Indoor Cycling,2022-03-03 06:59:47,false,"3x15' @ 80% FTP RITMO","23.52","411","01:10:01","143","162","2.9","0","0","20.2","27.9","--","--","0.00","0.0","0.0","0","90","98","88","28.6","94","82","136","0.0","0.0","6304","0","0","0","0:00","18.0","0:00","No","00:01.27.4","12","0.0","31","15","37","01:09:59","01:10:01","--","--"
Indoor Cycling,2022-03-02 07:29:38,false,"20 SEGUNDOS NEUROMUSCULAR","17.83","308","01:00:22","131","160","2.4","0","0","17.7","37.5","--","--","0.00","0.0","0.0","0","94","113","81","20.7","78","72","227","0.0","0.0","5673","0","0","0","0:00","19.0","0:00","No","00:01.96.8","24","0.0","30","14","38","01:00:13","01:00:22","--","--"
Indoor Cycling,2022-03-01 07:36:43,false,"Fuerza resistencia","29.34","514","01:21:02","145","161","3.1","0","0","21.7","27.3","--","--","0.00","0.0","0.0","0","73","96","94","37.7","97","90","137","0.0","0.0","5976","0","0","0","0:00","19.0","0:00","No","00:01.61.3","18","0.0","31","23","40","01:20:59","01:21:02","--","--"
Road Cycling,2022-02-27 06:41:47,false,"Bogota, D.C. Road Cycling","125.13","2,364","06:36:55","130","191","5.0","0","0","18.9","78.9","1,487","1,464","0.00","0.0","0.0","0","71","129","117","280.9","142","84","424","0.0","0.0","22788","0","0","0","0:00","12.0","0:00","No","13:48.37.4","16","0.0","34","15","45","06:14:25","08:00:08","2,564","3,176"
Road Cycling,2022-02-26 10:50:21,false,"Bogota, D.C. - aerobico 2","28.99","372","01:13:04","119","153","2.4","0","0","23.8","44.5","56","45","0.00","0.0","0.0","0","85","112","80","24.7","85","69","253","0.0","0.0","5723","0","0","0","0:00","15.0","0:00","No","02:00.00","16","0.0","27","12","36","01:10:06","01:38:28","2,569","2,596"
Indoor Cycling,2022-02-25 15:47:51,false,"aerobico 2","25.88","371","01:04:04","130","158","2.6","0","0","24.2","33.4","--","--","0.00","0.0","0.0","0","88","104","86","24.7","91","82","130","0.0","0.0","5640","0","0","0","0:00","22.0","0:00","No","00:03.68.7","16","0.0","30","13","38","01:03:07","01:05:06","--","--"
Indoor Cycling,2022-02-24 06:39:10,false,"fuerza resistencia simulador","25.32","442","01:10:32","154","170","3.1","0","0","21.5","35.4","--","--","0.00","0.0","0.0","0","72","98","96","33.7","101","90","131","0.0","0.0","5133","0","0","0","0:00","19.0","0:00","No","00:02.49.7","18","0.0","33","16","40","01:10:25","01:15:13","--","--"
Indoor Cycling,2022-02-23 06:42:30,false,"RECOVERY 1","15.05","300","01:00:02","118","138","2.1","0","0","15.0","18.0","--","--","0.00","0.0","0.0","0","89","100","69","14.9","72","68","122","0.0","0.0","5398","0","0","0","0:00","20.0","0:00","No","00:02.42","11","0.0","27","15","33","00:59:58","01:00:02","--","--"
Indoor Cycling,2022-02-22 07:17:55,false,"Aerobico z2 FC","17.39","322","01:16:02","122","144","1.8","0","0","13.7","19.4","--","--","0.00","0.0","0.0","0","81","103","--","0.0","--","0","0","0.0","0.0","6215","0","0","0","0:00","20.0","0:00","No","00:02.17.7","8","0.0","26","13","35","01:16:01","01:16:02","--","--"
Road Cycling,2022-02-20 06:47:45,false,"Bogota, D.C. Road Cycling","89.33","1,650","04:20:47","159","193","5.0","0","0","20.6","73.5","1,165","1,042","0.00","0.0","0.0","0","77","118","83","2.8","31","76","269","0.0","0.0","17514","0","0","0","0:00","10.0","0:00","No","02:56.03.7","12","0.0","33","13","44","04:16:06","06:37:05","1,947","2,855"
Indoor Cycling,2022-02-18 07:42:19,false,"2x15' @ 80% FTP RITMO SIMULADOR","25.57","407","01:12:03","140","162","2.7","0","0","21.3","29.4","--","--","0.00","0.0","0.0","0","77","97","86","27.8","93","78","153","0.0","0.0","5608","0","0","0","0:00","20.0","0:00","No","00:02.88.8","11","0.0","30","13","39","01:12:00","01:12:03","--","--"
Indoor Cycling,2022-02-17 07:01:47,false,"fuerza resistencia simulador","28.87","460","01:14:03","145","161","3.0","0","0","23.4","31.0","--","--","0.00","0.0","0.0","0","73","98","94","34.2","98","89","137","0.0","0.0","5427","0","0","0","0:00","20.0","0:00","No","00:03.06.5","18","0.0","33","15","40","01:13:58","01:14:03","--","--"
Indoor Cycling,2022-02-16 07:08:35,false,"RECUPERACIÓN SIMULADOR","15.21","287","01:01:03","115","145","2.1","0","0","15.0","19.7","--","--","0.00","0.0","0.0","0","87","100","67","14.3","72","63","137","0.0","0.0","5341","0","0","0","0:00","21.0","0:00","No","00:03.38.4","14","0.0","28","15","33","01:00:57","01:01:40","--","--"
Road Cycling,2022-02-15 05:11:34,false,"Bogota, D.C. Road Cycling","55.48","891","02:06:38","161","192","5.0","0","0","26.3","67.6","345","353","0.00","0.0","0.0","0","79","109","127","106.0","149","101","366","0.0","0.0","9288","0","0","0","0:00","11.0","0:00","No","15:41.61.9","7","0.0","35","16","47","02:04:41","02:22:57","2,567","2,858"
Road Cycling,2022-02-13 07:56:48,false,"Sopó Road Cycling","75.50","1,485","03:33:51","154","194","5.0","0","0","21.2","114.4","1,152","1,146","0.00","0.0","0.0","0","75","111","125","174.9","142","99","440","0.0","0.0","14136","0","0","0","0:00","10.0","0:00","No","07:42.57","10","0.0","36","14","45","03:27:59","06:24:13","2,573","3,364"
Road Cycling,2022-02-13 06:02:46,false,"Bogota, D.C. Road Cycling","8.47","130","00:21:36","141","176","2.3","0","0","23.5","38.4","14","12","0.00","0.0","0.0","0","86","109","106","9.8","81","84","314","0.0","0.0","1576","0","0","0","0:00","13.0","0:00","No","02:18.35.2","2","0.0","33","21","40","00:19:32","00:24:32","2,573","2,581"
Indoor Cycling,2022-02-11 06:16:52,false,"2x15' @ 80% FTP RITMO SIMULADOR","27.05","481","01:13:01","150","178","3.6","0","0","22.2","31.4","--","--","0.00","0.0","0.0","0","77","100","104","32.5","112","94","153","0.0","0.0","5674","0","0","0","0:00","18.0","0:00","No","01:01.11.7","11","0.0","34","11","40","01:12:58","01:13:01","--","--"
Indoor Cycling,2022-02-10 07:07:56,false,"RECUPERACIÓN SIMULADOR","18.16","328","01:01:08","131","161","2.5","0","0","17.8","24.3","--","--","0.00","0.0","0.0","0","91","100","79","15.8","84","74","129","0.0","0.0","5568","0","0","0","0:00","18.0","0:00","No","00:08.12.1","14","0.0","29","15","36","01:01:04","01:01:08","--","--"
Indoor Cycling,2022-02-09 07:18:26,false,"2x15' @ 80% FTP RITMO SIMULADOR","25.42","480","01:13:07","152","177","3.4","0","0","20.9","29.1","--","--","0.00","0.0","0.0","0","83","99","104","32.9","111","94","167","0.0","0.0","6136","0","0","0","0:00","18.0","0:00","No","00:03.43.4","12","0.0","33","14","41","01:13:02","01:13:07","--","--"
Indoor Cycling,2022-02-08 07:43:53,false,"Bogota, D.C. - fuerza resistencia simulador","25.55","484","01:09:02","161","177","3.6","0","0","22.2","29.2","3","4","0.00","0.0","0.0","0","76","104","108","33.6","113","102","153","0.0","0.0","5282","0","0","0","0:00","21.0","0:00","No","02:01.61.3","18","0.0","33","14","41","01:08:54","01:13:00","2,572","2,577"
Road Cycling,2022-02-06 07:13:27,false,"Bogota, D.C. Road Cycling","95.97","1,603","04:08:35","145","192","4.8","0","0","23.2","57.0","836","819","0.00","0.0","0.0","0","80","109","121","150.0","144","91","420","0.0","0.0","17783","0","0","0","0:00","13.0","0:00","No","15:40.07.3","12","0.0","34","12","42","04:02:56","06:04:38","2,563","2,933"
Road Cycling,2022-02-04 06:18:07,false,"Rionegro - TEST CALLE 8' ( Carretera)","42.56","772","01:52:28","161","188","4.2","0","0","22.7","104.3","531","540","0.00","0.0","0.0","0","82","121","124","71.9","123","99","350","0.0","0.0","8949","0","0","0","0:00","14.0","0:00","No","00:20.00","16","0.0","35","22","45","01:50:53","01:52:28","1,941","2,166"
Road Cycling,2022-02-03 06:40:23,false,"Rionegro - Recuperación activa carretera","28.68","415","01:15:20","143","173","2.7","0","0","22.8","50.5","243","250","0.00","0.0","0.0","0","87","109","95","28.1","81","75","326","0.0","0.0","6307","0","0","0","0:00","14.0","0:00","No","00:19.74.6","5","0.0","30","21","38","01:14:13","01:15:20","2,126","2,171"
Road Cycling,2022-02-02 06:41:39,false,"Rionegro - Aerobico z1-z2","33.36","530","01:26:43","152","175","3.2","0","0","23.1","50.2","264","273","0.00","0.0","0.0","0","89","115","100","36.3","105","86","322","0.0","0.0","7378","0","0","0","0:00","13.0","0:00","No","02:56.18.8","6","0.0","33","21","42","01:24:42","01:28:49","2,263","2,416"
Road Cycling,2022-02-01 17:07:49,false,"Rionegro - Recuperación activa carretera","33.33","496","01:32:59","136","175","2.6","0","0","21.5","48.2","267","275","0.00","0.0","0.0","0","86","114","93","33.2","80","72","360","0.0","0.0","7722","0","0","0","0:00","16.0","0:00","No","02:18.50.3","6","0.0","29","15","39","01:31:36","01:36:06","2,120","2,169"
Road Cycling,2022-01-30 08:10:36,false,"Rionegro Road Cycling","52.84","896","02:20:17","152","190","4.1","0","0","22.6","89.4","639","633","0.00","0.0","0.0","0","76","115","126","91.9","110","90","403","0.0","0.0","9805","0","0","0","0:00","15.0","0:00","No","14:00.95.3","7","0.0","32","21","42","02:18:57","02:34:53","2,116","2,331"
Road Cycling,2022-01-29 08:12:40,false,"Rionegro Road Cycling","60.06","1,192","02:58:19","162","195","5.0","0","0","20.2","107.8","972","959","0.00","0.0","0.0","0","76","115","123","111.6","146","95","381","0.0","0.0","12846","0","0","0","0:00","15.0","0:00","No","11:46.09.6","8","0.0","33","22","44","02:54:48","03:09:43","2,111","2,606"
Road Cycling,2022-01-28 16:19:15,false,"Rionegro - Recuperación activa carretera","29.09","452","01:17:17","134","170","3.0","0","0","22.6","76.8","238","219","0.00","0.0","0.0","0","82","105","90","26.2","86","81","357","0.0","0.0","6213","0","0","0","0:00","18.0","0:00","No","02:17.08","5","0.0","29","19","38","01:13:22","01:18:33","2,093","2,137"
Road Cycling,2022-01-28 16:08:42,false,"Rionegro - Aerobico z1-z2","2.66","38","00:08:38.2","108","145","0.8","0","0","18.5","47.5","21","42","0.00","0.0","0.0","0","74","114","91","2.8","--","57","281","0.0","0.0","532","0","0","0","0:00","24.0","0:00","No","08:38.24.7","1","0.0","23","18","29","00:08:19","00:09:23.8","2,084","2,114"
Road Cycling,2022-01-27 06:33:57,false,"Rionegro - Aerobico z1-z2","32.75","517","01:20:29","160","176","3.9","0","0","24.4","52.3","268","279","0.00","0.0","0.0","0","86","116","101","34.2","108","91","338","0.0","0.0","6792","0","0","0","0:00","11.0","0:00","No","03:21.63.6","6","0.0","34","23","41","01:19:01","01:22:35","2,123","2,178"
Road Cycling,2022-01-26 06:40:11,false,"Rionegro - Neuromuscular","29.03","445","01:08:38","165","181","3.6","0","0","25.4","54.0","215","210","0.00","0.0","0.0","0","89","120","105","31.2","103","94","352","0.0","0.0","5889","0","0","0","0:00","12.0","0:00","No","00:08.15.9","26","0.0","37","23","43","01:07:53","01:11:44","2,099","2,130"
Road Cycling,2022-01-25 06:48:43,false,"Rionegro - Aerobico z1-z2","32.51","518","01:22:43","157","184","3.7","0","0","23.6","50.5","282","282","0.00","0.0","0.0","0","83","121","105","38.0","109","88","412","0.0","0.0","6432","0","0","0","0:00","15.0","0:00","No","05:42.39.8","6","0.0","35","19","46","01:21:10","01:23:55","2,119","2,176"
Road Cycling,2022-01-22 07:40:53,false,"Rionegro Road Cycling","69.04","1,265","03:26:43","160","199","5.0","0","0","20.0","74.9","967","965","0.00","0.0","0.0","0","79","120","115","114.3","144","85","397","0.0","0.0","15188","0","0","0","0:00","15.0","0:00","No","15:58.73.9","9","0.0","33","21","44","03:25:17","03:37:28","1,684","2,694"
Road Cycling,2022-01-21 07:07:41,false,"Rionegro - Aerobico z1-z2","33.56","555","01:25:27","165","190","4.1","0","0","23.6","53.7","301","308","0.00","0.0","0.0","0","84","121","110","42.6","114","92","423","0.0","0.0","7038","0","0","0","0:00","14.0","0:00","No","00:26.90.9","8","0.0","36","25","45","01:25:07","01:26:06","2,097","2,143"
Road Cycling,2022-01-20 05:52:54,false,"Rionegro - Aerobico z1-z2","59.08","909","02:25:20","163","188","4.5","0","0","24.4","65.4","501","514","0.00","0.0","0.0","0","85","114","100","60.9","106","88","414","0.0","0.0","12017","0","0","0","0:00","11.0","0:00","No","00:19.87.1","14","0.0","35","18","44","02:23:12","02:26:36","2,110","2,278"
Road Cycling,2022-01-19 06:36:21,false,"Rionegro - Aerobico z1-z2","36.49","537","01:26:50","162","189","3.7","0","0","25.2","51.5","296","297","0.00","0.0","0.0","0","85","114","106","40.2","109","87","446","0.0","0.0","7154","0","0","0","0:00","14.0","0:00","No","01:49.58.1","8","0.0","36","24","47","01:25:33","01:28:58","2,119","2,164"
Road Cycling,2022-01-18 06:42:07,false,"Rionegro Road Cycling","33.37","447","01:22:12","139","180","3.0","0","0","24.4","66.9","268","270","0.00","0.0","0.0","0","79","119","94","30.0","82","74","374","0.0","0.0","6263","0","0","0","0:00","15.0","0:00","No","04:36.94.2","5","0.0","30","19","37","01:21:51","01:22:12","2,091","2,133"
Road Cycling,2022-01-11 06:14:50,false,"Rionegro - Aerobico z1-z2","65.24","959","02:30:33","155","183","4.0","0","0","26.0","63.9","540","548","0.00","0.0","0.0","0","79","127","102","65.4","110","90","415","0.0","0.0","11668","0","0","0","0:00","13.0","0:00","No","02:13.77.6","13","0.0","33","20","42","02:29:31","02:32:41","2,115","2,297"
Road Cycling,2022-01-08 07:12:31,false,"Rionegro Road Cycling","67.67","1,050","02:43:22","158","194","4.7","0","0","24.9","63.2","637","637","0.00","0.0","0.0","0","80","120","129","113.2","139","90","434","0.0","0.0","12219","0","0","0","0:00","14.0","0:00","No","11:29.76.3","9","0.0","34","18","51","02:41:04","04:38:26","2,121","2,305"
Indoor Cycling,2022-01-05 07:02:04,false,"Fitness Test (3 Min. + 10 Min.)","27.22","391","01:00:37","169","194","4.6","0","0","26.9","56.4","--","--","0.00","0.0","0.0","0","92","134","119","35.3","118","92","254","0.0","0.0","5594","0","0","0","0:00","18.0","0:00","No","00:02.21.9","13","0.0","36","19","49","01:00:33","01:00:37","--","--"
Road Cycling,2022-01-04 06:19:25,false,"Rionegro Road Cycling","47.53","115","01:51:22","136","182","2.8","0","0","25.6","54.7","332","343","0.00","0.0","0.0","0","81","113","--","0.0","--","--","--","0.0","0.0","8780","0","0","0","0:00","10.0","0:00","No","15:37.72.1","6","0.0","29","21","38","01:50:22","01:51:22","2,080","2,150"
Road Cycling,2021-12-31 10:32:25,false,"Rionegro Road Cycling","60.60","1,216","03:02:41","155","197","5.0","0","0","19.9","90.6","971","950","0.00","0.0","0.0","0","71","121","--","0.0","--","0","0","0.0","0.0","11611","0","0","0","0:00","19.0","0:00","No","12:55.64.8","8","0.0","33","14","48","02:57:01","04:20:48","2,148","2,653"
Indoor Cycling,2021-12-29 19:07:34,false,"Cross-training","19.27","268","01:00:01","118","143","1.6","0","0","19.3","28.8","--","--","0.00","0.0","0.0","0","84","100","--","0.0","--","0","0","0.0","0.0","5094","0","0","0","0:00","21.0","0:00","No","00:00.77.2","2","0.0","27","12","35","01:00:01","01:00:01","--","--"
Indoor Cycling,2021-12-28 08:25:20,false,"30 Sec. Intervals (30 Times)","21.49","389","01:00:01","151","187","3.4","0","0","21.5","59.5","--","--","0.00","0.0","0.0","0","81","129","--","0.0","--","0","0","0.0","0.0","4792","0","0","0","0:00","20.0","0:00","No","00:05.00","72","0.0","31","18","43","00:58:18","01:00:25","--","--"
Indoor Cycling,2021-12-26 07:05:58,false,"Indoor Cycling","9.40","164","00:45:02","110","120","0.7","0","0","12.5","14.2","--","--","0.00","0.0","0.0","0","81","89","--","0.0","--","0","0","0.0","0.0","3652","0","0","0","0:00","21.0","0:00","No","45:01.55.9","1","0.0","23","15","29","00:45:00","00:45:02","--","--"
Indoor Cycling,2021-12-25 12:59:40,false,"Indoor Cycling","3.43","44","00:15:01","72","75","0.0","0","0","13.7","17.9","--","--","0.00","0.0","0.0","0","89","97","--","0.0","--","0","0","0.0","0.0","1333","0","0","0","0:00","23.0","0:00","No","15:00.97.6","1","0.0","--","--","--","00:15:00","00:15:01","--","--"
Road Cycling,2021-12-25 08:51:57,false,"Rionegro - Recuperación activa carretera fc","55.42","894","02:31:46","150","196","4.3","0","0","21.9","96.4","706","699","0.00","0.0","0.0","0","78","163","--","0.0","--","0","0","0.0","0.0","11186","0","0","0","0:00","18.0","0:00","No","00:08.23.6","9","0.0","31","20","49","02:30:01","02:50:37","2,101","2,530"
Road Cycling,2021-12-24 06:10:07,false,"Rionegro - Recuperación activa carretera fc","44.83","603","02:00:15","134","180","2.7","0","0","22.4","76.5","354","365","0.00","0.0","0.0","0","76","137","--","0.0","--","0","0","0.0","0.0","8546","0","0","0","0:00","14.0","0:00","No","00:03.55.6","8","0.0","28","17","38","01:56:54","02:00:15","2,113","2,173"
Road Cycling,2021-12-23 06:04:55,false,"Rionegro - Recuperación activa carretera fc","50.05","622","02:03:51","134","178","2.7","0","0","24.2","56.6","383","397","0.00","0.0","0.0","0","75","113","--","0.0","--","0","0","0.0","0.0","8817","0","0","0","0:00","12.0","0:00","No","00:56.70.1","9","0.0","28","17","39","01:58:41","02:04:19","2,068","2,142"
Road Cycling,2021-12-19 08:43:49,false,"Rionegro Road Cycling","36.29","882","01:47:39","161","192","5.0","0","0","20.2","55.8","552","501","0.00","0.0","0.0","0","73","113","--","0.0","--","0","0","0.0","0.0","7244","0","0","0","0:00","18.0","0:00","No","07:37.41.6","5","0.0","34","18","45","01:46:08","02:50:27","2,093","2,475"
Road Cycling,2021-12-17 06:00:11,false,"Rionegro - Recuperación activa carretera fc","43.02","627","01:59:41","136","181","2.6","0","0","21.6","49.1","321","332","0.00","0.0","0.0","0","80","116","--","0.0","--","0","0","0.0","0.0","9154","0","0","0","0:00","15.0","0:00","No","11:00.61.4","6","0.0","28","21","36","01:57:24","02:03:17","2,103","2,163"
Road Cycling,2021-12-16 05:55:12,false,"Rionegro - TAPER CARRETERA FC","26.24","383","01:38:32","117","179","1.4","0","0","16.0","53.7","211","218","0.00","0.0","0.0","0","66","127","--","0.0","--","0","0","0.0","0.0","5224","0","0","0","0:00","14.0","0:00","No","00:04.38.1","26","0.0","23","13","33","01:36:09","01:40:04","2,103","2,144"
Road Cycling,2021-12-15 05:59:45,false,"Rionegro - Recuperación activa carretera fc","47.74","618","02:00:09","134","177","2.5","0","0","23.8","47.9","338","353","0.00","0.0","0.0","0","82","109","--","0.0","--","0","0","0.0","0.0","9337","0","0","0","0:00","14.0","0:00","No","00:03.82.5","8","0.0","28","18","35","01:58:14","02:00:09","2,118","2,189"
Road Cycling,2021-12-14 06:12:12,false,"Rionegro - Recuperación activa carretera fc","43.15","603","02:00:31","134","176","2.6","0","0","21.5","72.2","342","345","0.00","0.0","0.0","0","80","128","--","0.0","--","0","0","0.0","0.0","9211","0","0","0","0:00","15.0","0:00","No","00:12.89.5","8","0.0","27","18","36","01:57:27","02:00:31","2,115","2,177"
Road Cycling,2021-12-12 07:36:23,false,"Rionegro - Resistencia general z2-z3","69.17","1,301","03:35:14","149","189","4.2","0","0","19.3","66.2","927","917","0.00","0.0","0.0","0","75","130","--","0.0","--","0","0","0.0","0.0","13918","0","0","0","0:00","15.0","0:00","No","02:17.85.2","11","0.0","30","16","41","03:25:32","04:43:01","2,068","2,285"
Road Cycling,2021-12-11 07:08:17,false,"Rionegro - Resistencia general z2-z3","78.51","1,162","03:34:28","145","193","3.5","0","0","22.0","78.1","706","709","0.00","0.0","0.0","0","78","136","--","0.0","--","0","0","0.0","0.0","16123","0","0","0","0:00","17.0","0:00","No","00:09.88.5","12","0.0","30","21","51","03:32:23","04:26:20","2,125","2,314"
Road Cycling,2021-12-10 06:00:20,false,"Rionegro - Recuperación activa carretera fc","47.82","584","02:00:38","132","181","2.5","0","0","23.8","49.8","332","349","0.00","0.0","0.0","0","79","129","--","0.0","--","0","0","0.0","0.0","9107","0","0","0","0:00","12.0","0:00","No","00:06.56","8","0.0","28","17","37","02:00:16","02:00:38","2,085","2,155"
Road Cycling,2021-12-09 06:06:24,false,"Rionegro - CAMBIO DE RITMO SUB UMBRAL FC","42.64","620","02:06:48","131","181","2.7","0","0","20.2","51.3","311","327","0.00","0.0","0.0","0","79","114","--","0.0","--","0","0","0.0","0.0","9612","0","0","0","0:00","15.0","0:00","No","00:02.14.5","13","0.0","27","18","36","02:05:52","02:06:48","2,026","2,147"
Road Cycling,2021-12-08 07:08:42,false,"Rionegro - CAMBIO DE RITMO SUB UMBRAL FC","48.44","856","02:35:49","141","191","3.5","0","0","18.7","61.1","560","565","0.00","0.0","0.0","0","79","123","--","0.0","--","0","0","0.0","0.0","11449","0","0","0","0:00","16.0","0:00","No","04:00.00","13","0.0","29","16","44","02:33:14","04:04:53","2,126","2,378"
Road Cycling,2021-12-07 06:04:25,false,"Rionegro - Recuperación activa carretera fc","47.35","607","02:02:47","133","185","2.6","0","0","23.1","49.4","371","374","0.00","0.0","0.0","0","78","121","--","0.0","--","0","0","0.0","0.0","9201","0","0","0","0:00","14.0","0:00","No","01:03.43.9","8","0.0","27","18","39","02:01:33","02:03:20","2,083","2,140"
Road Cycling,2021-12-05 10:51:49,false,"Rionegro Road Cycling","73.14","1,043","03:22:34","141","187","3.2","0","0","21.7","54.0","620","595","0.00","0.0","0.0","0","79","169","--","0.0","--","0","0","0.0","0.0","15262","0","0","0","0:00","24.0","0:00","No","02:30.81.7","10","0.0","29","19","42","03:21:38","03:31:30","2,089","2,447"
Road Cycling,2021-12-04 07:09:55,false,"Rionegro Road Cycling","52.50","1,049","02:34:37","156","200","5.0","0","0","20.4","74.8","700","702","0.00","0.0","0.0","0","78","134","--","0.0","--","0","0","0.0","0.0","10526","0","0","0","0:00","13.0","0:00","No","13:20.71.9","7","0.0","34","19","49","02:31:32","03:26:40","2,106","2,525"
Road Cycling,2021-12-03 16:02:02,false,"Rionegro - Recuperación activa carretera fc","42.68","596","02:00:12","132","178","2.5","0","0","21.3","47.9","323","329","0.00","0.0","0.0","0","79","130","--","0.0","--","0","0","0.0","0.0","8735","0","0","0","0:00","18.0","0:00","No","00:04.22.8","8","0.0","29","19","37","01:55:46","02:00:12","2,117","2,194"
Road Cycling,2021-12-02 06:10:00,false,"Rionegro - CAMBIO DE RITMO SUB UMBRAL FC","43.11","653","02:12:02","130","178","2.6","0","0","19.6","46.4","325","330","0.00","0.0","0.0","0","79","113","--","0.0","--","0","0","0.0","0.0","10053","0","0","0","0:00","15.0","0:00","No","00:09.61.9","13","0.0","28","16","40","02:10:23","02:12:51","2,123","2,234"
Road Cycling,2021-12-01 11:27:56,false,"Rionegro - Recuperación activa carretera fc","38.04","521","01:57:34","126","176","2.1","0","0","19.4","48.2","303","289","0.00","0.0","0.0","0","78","122","--","0.0","--","0","0","0.0","0.0","8353","0","0","0","0:00","22.0","0:00","No","22:01.04.2","5","0.0","26","18","33","01:55:44","01:57:34","2,123","2,282"
Road Cycling,2021-11-30 16:09:02,false,"Rionegro - CAMBIO DE RITMO SUB UMBRAL FC","47.36","671","02:25:56","128","183","2.6","0","0","19.5","48.8","332","346","0.00","0.0","0.0","0","77","117","--","0.0","--","0","0","0.0","0.0","10493","0","0","0","0:00","17.0","0:00","No","00:05.72.3","17","0.0","26","17","38","02:23:32","02:28:10","2,119","2,201"
Road Cycling,2021-11-25 05:55:39,false,"Rionegro - CAMBIO DE RITMO SUB UMBRAL FC","43.17","637","02:16:08","125","172","2.4","0","0","19.0","50.5","321","331","0.00","0.0","0.0","0","74","119","--","0.0","--","0","0","0.0","0.0","9430","0","0","0","0:00","14.0","0:00","No","00:18.75.6","17","0.0","27","16","40","02:14:24","02:18:18","2,106","2,167"
Road Cycling,2021-11-24 11:00:31,false,"Rionegro - Recuperación activa carretera fc","43.22","579","02:00:33","131","179","2.3","0","0","21.5","48.9","325","310","0.00","0.0","0.0","0","75","114","--","0.0","--","0","0","0.0","0.0","8505","0","0","0","0:00","21.0","0:00","No","00:05.52.6","8","0.0","26","19","37","01:58:20","02:00:33","2,090","2,313"
Road Cycling,2021-11-23 06:19:01,false,"Rionegro - CAMBIO DE RITMO SUB UMBRAL FC","47.48","636","02:19:58","124","173","2.4","0","0","20.4","68.3","331","344","0.00","0.0","0.0","0","75","106","--","0.0","--","0","0","0.0","0.0","9720","0","0","0","0:00","15.0","0:00","No","00:23.19","17","0.0","26","13","38","02:17:14","02:19:58","2,113","2,217"
Road Cycling,2021-11-21 11:09:08,false,"Rionegro Road Cycling","48.42","1,092","02:36:51","153","192","4.6","0","0","18.5","58.5","830","797","0.00","0.0","0.0","0","65","124","--","0.0","--","0","0","0.0","0.0","8932","0","0","0","0:00","19.0","0:00","No","01:36.31.7","7","0.0","32","20","43","02:33:40","03:05:19","2,045","2,617"
Road Cycling,2021-11-20 07:08:57,false,"Rionegro - AEROBICO RITMO 3carretera FC","53.35","755","03:09:35","117","174","1.8","0","0","16.9","50.9","425","418","0.00","0.0","0.0","0","66","104","--","0.0","--","0","0","0.0","0.0","11160","0","0","0","0:00","17.0","0:00","No","00:06.20.4","21","0.0","24","12","39","03:05:01","04:15:45","2,117","2,204"
Road Cycling,2021-11-19 06:13:28,false,"Rionegro Road Cycling","42.06","585","01:54:05","132","179","2.4","0","0","22.1","47.3","314","326","0.00","0.0","0.0","0","73","113","--","0.0","--","0","0","0.0","0.0","7868","0","0","0","0:00","13.0","0:00","No","06:59.19.1","6","0.0","27","19","39","01:49:39","01:54:05","2,103","2,164"
Road Cycling,2021-11-17 06:09:51,false,"Rionegro - CADENCIA CARRETERA FC","43.08","542","02:07:24","122","180","2.0","0","0","20.3","61.8","321","332","0.00","0.0","0.0","0","72","123","--","0.0","--","0","0","0.0","0.0","8710","0","0","0","0:00","13.0","0:00","No","00:17.11.4","20","0.0","25","14","38","02:05:35","02:07:24","2,109","2,168"
Road Cycling,2021-11-16 06:30:57,false,"Rionegro - PRUEBA DE FTP CARRETERA FC","31.68","533","01:34:03","139","190","3.6","0","0","20.2","53.8","297","283","0.00","0.0","0.0","0","0","0","--","0.0","--","0","0","0.0","0.0","--","0","0","0","0:00","15.0","0:00","No","02:00.00","10","0.0","29","10","54","01:31:36","01:35:01","2,103","2,138"
Road Cycling,2021-11-15 16:12:46,false,"Rionegro - Rodada previa al ftp","34.81","554","01:40:26","138","179","2.8","0","0","20.8","57.6","385","390","0.00","0.0","0.0","0","68","109","--","0.0","--","0","0","0.0","0.0","6099","0","0","0","0:00","15.0","0:00","No","00:25.70.8","6","0.0","28","15","38","01:38:45","01:46:07","2,110","2,188"
Road Cycling,2021-11-13 08:17:24,false,"Rionegro Road Cycling","54.08","1,446","03:06:38","0","0","--","0","0","17.4","62.5","849","839","0.00","0.0","0.0","0","65","126","--","0.0","--","0","0","0.0","0.0","9608","0","0","0","0:00","16.0","0:00","No","00:01.99","10","0.0","--","--","--","02:41:00","49:55:45","2,120","2,534"
Indoor Cycling,2021-11-12 06:19:42,false,"Zone 2 Aerobic","39.31","576","02:00:06","131","145","2.3","0","0","19.6","26.3","--","--","0.00","0.0","0.0","0","89","109","--","0.0","--","0","0","0.0","0.0","10698","0","0","0","0:00","18.0","0:00","No","00:05.64.5","2","0.0","26","17","34","02:00:05","02:01:45","--","--"
Indoor Cycling,2021-11-11 06:06:58,false,"Zone 5 Intervals (3 Times)","17.76","336","01:02:03","136","185","2.5","0","0","17.2","54.5","--","--","0.00","0.0","0.0","0","80","142","--","0.0","--","0","0","0.0","0.0","4973","0","0","0","0:00","17.0","0:00","No","00:05.00","20","0.0","28","10","48","01:01:39","01:02:03","--","--"
Indoor Cycling,2021-11-10 06:11:38,false,"Aerobic with Tempo Intervals","21.38","369","01:04:07","139","169","2.6","0","0","20.0","32.3","--","--","0.00","0.0","0.0","0","90","115","--","0.0","--","0","0","0.0","0.0","5743","0","0","0","0:00","18.0","0:00","No","00:05.88.6","13","0.0","26","11","37","01:03:48","01:04:07","--","--"
Indoor Cycling,2021-11-09 06:42:38,false,"Zone 2 Aerobic","37.26","588","02:00:02","133","152","2.3","0","0","18.6","24.8","--","--","0.00","0.0","0.0","0","82","112","--","0.0","--","0","0","0.0","0.0","9830","0","0","0","0:00","19.0","0:00","No","00:01.80.7","2","0.0","26","16","36","01:59:46","02:00:02","--","--"
Road Cycling,2021-11-07 07:40:53,false,"La Ceja Road Cycling","58.40","1,290","02:50:15","161","196","5.0","0","0","20.6","56.3","1,012","1,009","0.00","0.0","0.0","0","65","115","--","0.0","--","0","0","0.0","0.0","9895","0","0","0","0:00","16.0","0:00","No","04:35.44.6","8","0.0","34","14","46","02:49:39","03:27:46","2,140","2,530"
Road Cycling,2021-11-06 08:07:04,false,"Rionegro Road Cycling","55.66","1,243","02:28:11","169","199","5.0","0","0","22.5","56.2","755","741","0.00","0.0","0.0","0","69","120","--","0.0","--","0","0","0.0","0.0","8838","0","0","0","0:00","18.0","0:00","No","14:49.84.6","7","0.0","37","20","48","02:26:52","04:29:25","2,110","2,624"
Indoor Cycling,2021-11-04 06:37:22,false,"Zone 5 Intervals (3 Times)","16.00","338","01:01:40","139","188","2.6","0","0","15.6","51.4","--","--","0.00","0.0","0.0","0","75","154","--","0.0","--","0","0","0.0","0.0","4594","0","0","0","0:00","18.0","0:00","No","00:05.00","20","0.0","26","12","47","01:00:19","01:01:40","--","--"
Indoor Cycling,2021-11-03 06:12:42,false,"Aerobic with Tempo Intervals","20.67","363","01:03:41","138","172","2.6","0","0","19.5","34.5","--","--","0.00","0.0","0.0","0","90","110","--","0.0","--","0","0","0.0","0.0","5739","0","0","0","0:00","18.0","0:00","No","00:02.95.3","13","0.0","27","12","37","01:03:35","01:03:41","--","--"
Indoor Cycling,2021-11-02 06:33:56,false,"Zone 2 Aerobic","40.24","578","02:00:04","131","151","2.2","0","0","20.1","28.7","--","--","0.00","0.0","0.0","0","79","99","--","0.0","--","0","0","0.0","0.0","9551","0","0","0","0:00","19.0","0:00","No","00:04.48.7","2","0.0","25","13","35","02:00:04","02:00:04","--","--"
Road Cycling,2021-10-31 07:20:28,false,"Rionegro Road Cycling","56.02","1,245","02:49:51","157","199","4.8","0","0","19.8","52.1","751","753","0.00","0.0","0.0","0","63","115","--","0.0","--","0","0","0.0","0.0","9474","0","0","0","0:00","14.0","0:00","No","18:06.73.5","7","0.0","32","18","45","02:47:45","04:30:20","2,097","2,511"
Road Cycling,2021-10-30 07:07:15,false,"Rionegro - Zone 2 Aerobic","49.20","806","02:11:37","147","194","3.3","0","0","22.4","56.8","513","513","0.00","0.0","0.0","0","69","109","--","0.0","--","0","0","0.0","0.0","8598","0","0","0","0:00","15.0","0:00","No","11:17.36.7","7","0.0","29","16","47","02:11:09","02:29:22","2,094","2,249"
Indoor Cycling,2021-10-29 06:41:17,false,"Long Zone 4 Intervals","22.45","378","01:02:14","146","179","3.1","0","0","21.6","37.6","--","--","0.00","0.0","0.0","0","86","107","--","0.0","--","0","0","0.0","0.0","5375","0","0","0","0:00","18.0","0:00","No","00:02.53.5","10","0.0","26","11","37","01:02:14","01:02:14","--","--"
Road Cycling,2021-10-28 06:00:02,false,"Rionegro Road Cycling","31.43","726","01:24:28","167","191","4.1","0","0","22.3","57.6","447","449","0.00","0.0","0.0","0","71","118","--","0.0","--","0","0","0.0","0.0","5381","0","0","0","0:00","13.0","0:00","No","17:21.29.7","4","0.0","36","20","45","01:23:42","01:24:28","2,039","2,192"
Indoor Cycling,2021-10-27 07:07:24,false,"Short Zone 5 Intervals","21.98","409","01:08:42","145","191","3.1","0","0","19.2","55.2","--","--","0.00","0.0","0.0","0","83","132","--","0.0","--","0","0","0.0","0.0","5742","0","0","0","0:00","20.0","0:00","No","00:05.00","15","0.0","29","16","49","01:08:40","01:08:42","--","--"
Indoor Cycling,2021-10-26 06:50:27,false,"Zone 2 Aerobic","20.02","356","01:00:10","135","150","2.1","0","0","20.0","29.1","--","--","0.00","0.0","0.0","0","84","117","--","0.0","--","0","0","0.0","0.0","5072","0","0","0","0:00","20.0","0:00","No","00:10.36.6","2","0.0","26","13","38","01:00:09","01:00:24","--","--"
Road Cycling,2021-10-24 06:52:17,false,"Rionegro Road Cycling","88.84","2,027","04:00:48","173","197","5.0","0","0","22.1","55.3","1,222","1,210","0.00","0.0","0.0","0","69","130","--","0.0","--","0","0","0.0","0.0","15272","0","0","0","0:00","15.0","0:00","No","01:38.46.9","12","0.0","37","19","47","03:56:36","04:36:21","2,098","2,519"
Road Cycling,2021-10-23 07:31:47,false,"Rionegro Road Cycling","61.45","1,387","03:09:42","165","201","5.0","0","0","19.4","54.8","801","802","0.00","0.0","0.0","0","60","113","--","0.0","--","0","0","0.0","0.0","9283","0","0","0","0:00","16.0","0:00","No","14:04.47.3","8","0.0","36","20","47","03:02:08","04:11:27","2,101","2,341"
Indoor Cycling,2021-10-22 06:57:59,false,"Zone 2 Aerobic","17.31","322","01:00:04","134","146","2.2","0","0","17.3","25.3","--","--","0.00","0.0","0.0","0","83","109","--","0.0","--","0","0","0.0","0.0","5038","0","0","0","0:00","21.0","0:00","No","00:04.32.7","2","0.0","25","13","34","01:00:03","01:00:04","--","--"
Road Cycling,2021-10-21 06:03:31,false,"Rionegro Road Cycling","55.03","1,064","01:59:09","180","198","5.0","0","0","27.7","64.5","457","464","0.00","0.0","0.0","0","72","124","--","0.0","--","0","0","0.0","0.0","8040","0","0","0","0:00","12.0","0:00","No","14:08.59.3","7","0.0","38","19","47","01:56:52","02:13:30","2,118","2,311"
Indoor Cycling,2021-10-20 06:22:23,false,"Indoor Cycling","18.76","345","00:45:43","159","187","4.0","0","0","24.6","39.8","--","--","0.00","0.0","0.0","0","86","116","--","0.0","--","0","0","0.0","0.0","3958","0","0","0","0:00","18.0","0:00","No","45:42.72.6","1","0.0","34","16","43","00:45:29","00:45:43","--","--"
Road Cycling,2021-10-16 07:19:16,false,"Rionegro Road Cycling","52.95","1,141","02:23:27","174","200","5.0","0","0","22.1","63.4","614","625","0.00","0.0","0.0","0","62","110","--","0.0","--","0","0","0.0","0.0","7138","0","0","0","0:00","15.0","0:00","No","14:44.75.2","7","0.0","37","21","48","02:12:43","02:55:55","2,112","2,266"
Road Cycling,2021-09-18 05:46:19,false,"Purificación Road Cycling","47.91","1,524","05:07:52","132","185","5.0","0","0","9.3","61.2","953","951","0.00","0.0","0.0","0","61","146","--","0.0","--","0","0","0.0","0.0","9899","0","0","0","0:00","18.0","0:00","No","17:19.51","6","0.0","28","11","46","03:25:59","05:26:42","322","904"
Road Cycling,2021-09-17 05:42:14,false,"Purificación Road Cycling","37.24","698","01:49:20","146","190","3.9","0","0","20.4","53.6","237","251","0.00","0.0","0.0","0","58","100","--","0.0","--","0","0","0.0","0.0","4439","0","0","0","0:00","19.0","0:00","No","14:36.96.8","5","0.0","31","11","44","01:32:09","02:03:28","292","370"
Road Cycling,2021-09-16 05:56:36,false,"Purificación Road Cycling","26.98","824","02:33:13","138","198","4.7","0","0","10.6","43.0","524","536","0.00","0.0","0.0","0","41","85","--","0.0","--","0","0","0.0","0.0","3555","0","0","0","0:00","20.0","0:00","No","17:47.66.5","4","0.0","29","14","44","01:54:14","02:33:13","310","741"
Road Cycling,2021-09-15 19:04:05,false,"Guamo Road Cycling","45.81","879","02:34:54","136","191","3.4","0","0","17.7","46.8","251","275","0.00","0.0","0.0","0","55","99","--","0.0","--","0","0","0.0","0.0","7033","0","0","0","0:00","26.0","0:00","No","16:37.85.1","6","0.0","28","15","43","02:29:34","02:59:46","290","467"
Road Cycling,2021-09-15 05:51:12,false,"Purificación Road Cycling","24.46","766","02:45:59","130","197","3.8","0","0","8.8","43.0","379","174","0.00","0.0","0.0","0","37","89","--","0.0","--","0","0","0.0","0.0","2659","0","0","0","0:00","19.0","0:00","No","01:44.40.8","4","0.0","27","12","45","01:52:05","02:45:59","309","621"
Road Cycling,2021-09-14 05:50:36,false,"Purificación Road Cycling","41.77","883","01:52:21","156","195","4.3","0","0","22.3","51.5","268","277","0.00","0.0","0.0","0","48","88","--","0.0","--","0","0","0.0","0.0","4268","0","0","0","0:00","22.0","0:00","No","10:19.61.9","6","0.0","34","18","46","01:47:03","02:08:22","292","395"
Road Cycling,2021-09-09 06:08:29,false,"Rionegro - Surge and Hold Hill Repeats","19.79","471","01:11:40","146","183","3.1","0","0","16.6","50.9","341","347","0.00","0.0","0.0","0","62","119","--","0.0","--","0","0","0.0","0.0","3575","0","0","0","0:00","13.0","0:00","No","00:30.00","24","0.0","30","19","46","01:08:43","01:11:40","2,097","2,179"
Road Cycling,2021-09-08 06:05:48,false,"Rionegro - Cross-training","45.63","1,039","02:08:26","165","193","5.0","0","0","21.3","60.7","673","684","0.00","0.0","0.0","0","65","114","--","0.0","--","0","0","0.0","0.0","7544","0","0","0","0:00","12.0","0:00","No","04:19.85.1","7","0.0","37","19","46","02:05:25","02:08:26","2,125","2,556"
Road Cycling,2021-09-07 06:54:29,false,"Rionegro - 20 Sec. Zone 6 Intervals","28.16","527","01:30:37","135","187","3.0","0","0","18.6","47.6","275","282","0.00","0.0","0.0","0","59","125","--","0.0","--","0","0","0.0","0.0","4191","0","0","0","0:00","15.0","0:00","No","00:05.00","39","0.0","28","18","41","01:25:53","01:30:37","2,097","2,139"
Road Cycling,2021-09-05 07:49:29,false,"Rionegro Road Cycling","47.23","922","01:49:00","160","186","4.6","0","0","26.0","56.4","495","498","0.00","0.0","0.0","0","70","108","--","0.0","--","0","0","0.0","0.0","7385","0","0","0","0:00","16.0","0:00","No","14:38.73.6","6","0.0","35","18","43","01:47:57","01:56:48","2,091","2,243"
Road Cycling,2021-09-04 07:21:07,false,"Rionegro - Race","90.74","2,094","04:06:23","168","189","5.0","0","0","22.1","64.7","1,287","1,274","0.00","0.0","0.0","0","71","121","--","0.0","--","0","0","0.0","0.0","16252","0","0","0","0:00","15.0","0:00","No","09:37.84.6","12","0.0","36","19","45","04:00:40","05:20:33","1,537","2,320"
Road Cycling,2021-09-03 06:22:42,false,"Rionegro Road Cycling","31.44","791","01:18:13","174","193","5.0","0","0","24.1","56.2","435","442","0.00","0.0","0.0","0","67","113","--","0.0","--","0","0","0.0","0.0","4863","0","0","0","0:00","12.0","0:00","No","16:35.16.9","4","0.0","39","22","46","01:17:17","01:18:13","2,089","2,368"
Road Cycling,2021-09-02 06:21:10,false,"Rionegro Road Cycling","33.87","785","01:17:02","175","192","5.0","0","0","26.4","57.1","343","348","0.00","0.0","0.0","0","71","133","--","0.0","--","0","0","0.0","0.0","5054","0","0","0","0:00","13.0","0:00","No","05:58.04.8","5","0.0","39","22","46","01:15:12","01:19:17","2,098","2,171"
Indoor Cycling,2021-09-01 07:22:10,false,"Indoor Cycling","11.70","262","00:30:02","152","184","3.0","0","0","23.4","47.2","--","--","0.00","0.0","0.0","0","87","125","--","0.0","--","0","0","0.0","0.0","2601","0","0","0","0:00","20.0","0:00","No","30:02.19.2","1","0.0","34","18","45","00:30:01","00:30:02","--","--"
Road Cycling,2021-08-29 07:03:44,false,"Rionegro Road Cycling","55.30","1,144","02:27:02","160","192","5.0","0","0","22.6","99.7","681","683","0.00","0.0","0.0","0","63","112","--","0.0","--","0","0","0.0","0.0","8086","0","0","0","0:00","13.0","0:00","No","14:37.37.7","7","0.0","34","19","45","02:23:45","04:17:33","1,904","2,112"
Road Cycling,2021-08-28 07:31:35,false,"Rionegro Road Cycling","46.74","1,032","01:54:13","167","193","5.0","0","0","24.6","47.7","390","389","0.00","0.0","0.0","0","67","101","--","0.0","--","0","0","0.0","0.0","6962","0","0","0","0:00","14.0","0:00","No","17:16.68.7","6","0.0","36","21","49","01:51:00","03:18:55","2,098","2,181"
Road Cycling,2021-08-27 06:38:23,false,"Rionegro - Zone 2 Aerobic","14.98","407","01:00:44","149","190","3.2","0","0","14.8","49.5","229","240","0.00","0.0","0.0","0","62","98","--","0.0","--","0","0","0.0","0.0","3306","0","0","0","0:00","14.0","0:00","No","00:43.60.9","3","0.0","27","12","42","00:59:23","01:00:44","2,111","2,186"
Indoor Cycling,2021-08-26 19:30:17,false,"Indoor Cycling","25.84","527","01:00:02","157","185","3.7","0","0","25.8","39.5","--","--","0.00","0.0","0.0","0","84","133","--","0.0","--","0","0","0.0","0.0","5074","0","0","0","0:00","20.0","0:00","No","01:00:02.03.2","1","0.0","32","15","45","01:00:01","01:00:02","--","--"
Indoor Cycling,2021-08-24 19:20:56,false,"Indoor Cycling","17.85","327","00:40:02","150","186","3.2","0","0","26.8","50.1","--","--","0.00","0.0","0.0","0","88","123","--","0.0","--","0","0","0.0","0.0","3540","0","0","0","0:00","21.0","0:00","No","40:01.58.4","1","0.0","33","22","41","00:40:02","00:40:02","--","--"
Indoor Cycling,2021-08-19 20:03:44,false,"6 Sec. Max. Effort Sprints","23.53","385","01:15:01","127","182","2.4","0","0","18.8","58.2","--","--","0.00","0.0","0.0","0","79","147","--","0.0","--","0","0","0.0","0.0","5947","0","0","0","0:00","20.0","0:00","No","00:05.00","18","0.0","27","13","42","01:14:27","01:15:01","--","--"
Indoor Cycling,2021-08-18 20:10:05,false,"Indoor Cycling","19.98","422","00:56:01","145","175","3.0","0","0","21.4","40.2","--","--","0.00","0.0","0.0","0","89","102","--","0.0","--","0","0","0.0","0.0","5018","0","0","0","0:00","19.0","0:00","No","56:00.61.8","1","0.0","31","19","40","00:55:56","00:56:01","--","--"
Road Cycling,2021-08-15 08:17:36,false,"Rionegro Road Cycling","74.27","1,657","03:05:07","169","194","5.0","0","0","24.1","62.9","923","903","0.00","0.0","0.0","0","67","121","--","0.0","--","0","0","0.0","0.0","11539","0","0","0","0:00","18.0","0:00","No","05:43.20.3","10","0.0","38","20","47","03:03:08","04:19:50","1,827","2,285"
Indoor Cycling,2021-08-13 20:17:42,false,"Indoor Cycling","20.06","372","00:45:02","153","180","3.2","0","0","26.7","45.7","--","--","0.00","0.0","0.0","0","88","104","--","0.0","--","0","0","0.0","0.0","3981","0","0","0","0:00","20.0","0:00","No","45:01.95.6","1","0.0","32","21","42","00:45:02","00:45:02","--","--"
Indoor Cycling,2021-08-12 19:38:17,false,"Indoor Cycling","27.59","468","01:00:01","149","185","3.3","0","0","27.6","58.4","--","--","0.00","0.0","0.0","0","82","123","--","0.0","--","0","0","0.0","0.0","4975","0","0","0","0:00","20.0","0:00","No","01:00:00.62","1","0.0","32","21","42","01:00:01","01:00:01","--","--"
Indoor Cycling,2021-08-11 20:00:47,false,"Indoor Cycling","12.36","234","00:30:21","145","184","2.6","0","0","24.4","48.9","--","--","0.00","0.0","0.0","0","89","136","--","0.0","--","0","0","0.0","0.0","2705","0","0","0","0:00","21.0","0:00","No","30:21.07.7","1","0.0","32","21","44","00:30:21","00:30:21","--","--"
Indoor Cycling,2021-08-10 19:02:27,false,"Pyramids","32.09","470","01:30:13","134","181","2.9","0","0","21.3","55.5","--","--","0.00","0.0","0.0","0","78","131","--","0.0","--","0","0","0.0","0.0","7034","0","0","0","0:00","20.0","0:00","No","00:12.77.7","23","0.0","27","11","43","01:30:00","01:30:13","--","--"
Indoor Cycling,2021-08-08 11:26:43,false,"Indoor Cycling","9.35","190","00:30:01","129","137","1.6","0","0","18.7","22.4","--","--","0.00","0.0","0.0","0","82","91","--","0.0","--","0","0","0.0","0.0","2489","0","0","0","0:00","23.0","0:00","No","30:01.07.8","1","0.0","26","20","33","00:30:01","00:30:01","--","--"
Road Cycling,2021-08-07 06:47:55,false,"Rionegro Road Cycling","59.42","1,336","02:38:59","164","193","5.0","0","0","22.4","57.0","690","654","0.00","0.0","0.0","0","64","154","--","0.0","--","0","0","0.0","0.0","9470","0","0","0","0:00","11.0","0:00","No","10:54.21.5","8","0.0","36","19","45","02:36:27","03:08:12","2,114","2,351"
Road Cycling,2021-08-06 06:21:15,false,"Rionegro Road Cycling","33.70","808","01:21:25","173","189","5.0","0","0","24.8","53.4","346","350","0.00","0.0","0.0","0","67","108","--","0.0","--","0","0","0.0","0.0","5172","0","0","0","0:00","10.0","0:00","No","04:40.75.2","5","0.0","39","23","49","01:21:09","01:21:25","2,119","2,237"
Indoor Cycling,2021-08-05 06:19:15,false,"Indoor Cycling","19.04","370","00:45:02","152","178","3.2","0","0","25.4","41.3","--","--","0.00","0.0","0.0","0","87","113","--","0.0","--","0","0","0.0","0.0","3930","0","0","0","0:00","18.0","0:00","No","45:02.06.1","1","0.0","33","21","41","00:45:02","00:45:02","--","--"
Indoor Cycling,2021-08-04 06:36:21,false,"Indoor Cycling","5.13","122","00:17:03","134","173","2.0","0","0","18.0","41.1","--","--","0.00","0.0","0.0","0","91","158","--","0.0","--","0","0","0.0","0.0","1555","0","0","0","0:00","19.0","0:00","No","17:03.49.2","1","0.0","30","19","40","00:17:03","00:17:03","--","--"
Indoor Cycling,2021-08-03 06:08:47,false,"Pyramids","29.49","471","01:30:16","132","180","2.8","0","0","19.6","50.6","--","--","0.00","0.0","0.0","0","81","125","--","0.0","--","0","0","0.0","0.0","7385","0","0","0","0:00","20.0","0:00","No","00:15.68.5","23","0.0","29","18","44","01:30:04","01:30:39","--","--"
Road Cycling,2021-08-01 08:33:55,false,"Rionegro Road Cycling","71.06","1,683","03:13:17","170","191","5.0","0","0","22.1","56.7","932","923","0.00","0.0","0.0","0","66","179","--","0.0","--","0","0","0.0","0.0","11692","0","0","0","0:00","21.0","0:00","No","18:02.49.5","9","0.0","37","19","47","03:09:19","04:23:04","2,055","2,271"
Road Cycling,2021-07-31 07:44:02,false,"Rionegro - Zone 2 Aerobic","55.26","990","03:00:46","142","195","3.5","0","0","18.3","50.2","548","541","0.00","0.0","0.0","0","61","110","--","0.0","--","0","0","0.0","0.0","9723","0","0","0","0:00","19.0","0:00","No","00:45.67.5","8","0.0","27","13","47","02:56:16","03:08:08","2,117","2,271"
Road Cycling,2021-07-30 06:33:02,false,"Rionegro Road Cycling","31.58","870","01:32:00","169","188","4.9","0","0","20.6","50.7","440","450","0.00","0.0","0.0","0","64","121","--","0.0","--","0","0","0.0","0.0","5397","0","0","0","0:00","13.0","0:00","No","20:20.49.3","4","0.0","38","24","45","01:31:00","01:32:00","2,112","2,199"
Indoor Cycling,2021-07-28 07:00:33,false,"Indoor Cycling","12.76","311","00:40:03","145","178","2.8","0","0","19.1","55.4","--","--","0.00","0.0","0.0","0","81","154","--","0.0","--","0","0","0.0","0.0","3257","0","0","0","0:00","20.0","0:00","No","40:03.30","1","0.0","32","22","40","00:40:03","00:40:03","--","--"
Indoor Cycling,2021-07-27 07:12:57,false,"Indoor Cycling","5.64","149","00:17:02","151","178","2.5","0","0","19.9","39.5","--","--","0.00","0.0","0.0","0","97","156","--","0.0","--","0","0","0.0","0.0","1651","0","0","0","0:00","22.0","0:00","No","17:02.03.9","1","0.0","34","18","42","00:17:01","00:17:02","--","--"
Road Cycling,2021-07-18 07:13:44,false,"Rionegro Road Cycling","65.40","1,629","03:39:52","155","194","5.0","0","0","17.8","56.1","1,017","1,006","0.00","0.0","0.0","0","58","120","--","0.0","--","0","0","0.0","0.0","10709","0","0","0","0:00","13.0","0:00","No","03:48.39.3","9","0.0","34","20","43","03:25:18","04:58:03","2,124","2,620"
Road Cycling,2021-07-17 07:30:31,false,"Rionegro Road Cycling","54.05","1,403","02:37:20","170","192","5.0","0","0","20.6","56.4","789","786","0.00","0.0","0.0","0","61","112","--","0.0","--","0","0","0.0","0.0","8470","0","0","0","0:00","17.0","0:00","No","17:29.61.4","7","0.0","38","20","46","02:34:06","03:27:12","2,114","2,265"
Indoor Cycling,2021-07-16 06:21:31,false,"Indoor Cycling","14.22","325","00:40:02","149","176","3.1","0","0","21.3","47.1","--","--","0.00","0.0","0.0","0","81","126","--","0.0","--","0","0","0.0","0.0","3258","0","0","0","0:00","18.0","0:00","No","40:01.71.7","1","0.0","33","19","41","00:40:02","00:40:02","--","--"
Indoor Cycling,2021-07-15 06:34:21,false,"Indoor Cycling","16.16","412","00:45:02","161","184","3.6","0","0","21.5","38.8","--","--","0.00","0.0","0.0","0","88","112","--","0.0","--","0","0","0.0","0.0","4006","0","0","0","0:00","20.0","0:00","No","45:02.00.9","1","0.0","37","15","45","00:45:02","00:45:02","--","--"
Indoor Cycling,2021-07-14 06:26:24,false,"Indoor Cycling","6.28","158","00:18:04","152","180","2.6","0","0","20.9","42.6","--","--","0.00","0.0","0.0","0","95","174","--","0.0","--","0","0","0.0","0.0","1606","0","0","0","0:00","21.0","0:00","No","18:03.70.3","1","0.0","34","20","42","00:18:01","00:19:10","--","--"
Road Cycling,2021-07-11 08:01:10,false,"Rionegro Road Cycling","53.08","1,275","02:29:23","172","194","5.0","0","0","21.3","58.2","745","741","0.00","0.0","0.0","0","62","116","--","0.0","--","0","0","0.0","0.0","8427","0","0","0","0:00","14.0","0:00","No","16:12.46","7","0.0","38","22","48","02:26:36","03:28:46","2,011","2,537"
Indoor Cycling,2021-07-09 06:22:57,false,"Indoor Cycling","6.55","165","00:18:01","164","183","3.1","0","0","21.8","36.6","--","--","0.00","0.0","0.0","0","95","143","--","0.0","--","0","0","0.0","0.0","1714","0","0","0","0:00","23.0","0:00","No","03:00.96.2","4","0.0","36","24","45","00:18:01","00:18:01","--","--"
Indoor Cycling,2021-07-08 06:09:26,false,"Indoor Cycling","17.09","419","00:45:02","170","188","4.6","0","0","22.8","38.1","--","--","0.00","0.0","0.0","0","86","107","--","0.0","--","0","0","0.0","0.0","3889","0","0","0","0:00","20.0","0:00","No","45:02.24.3","1","0.0","37","21","44","00:45:02","00:45:02","--","--"
Road Cycling,2021-07-05 07:47:43,false,"Rionegro Road Cycling","48.97","998","01:50:55","174","195","5.0","0","0","26.5","59.1","515","511","0.00","0.0","0.0","0","65","116","--","0.0","--","0","0","0.0","0.0","6786","0","0","0","0:00","16.0","0:00","No","02:45.97.7","7","0.0","39","20","47","01:49:10","01:56:15","2,099","2,252"
Road Cycling,2021-07-03 10:30:04,false,"Rionegro Road Cycling","3.09","86","00:11:47","144","181","2.3","0","0","15.8","46.0","40","44","0.00","0.0","0.0","0","33","89","--","0.0","--","0","0","0.0","0.0","283","0","0","0","0:00","25.0","0:00","No","11:46.62.2","1","0.0","30","21","41","00:11:02","00:11:58","2,084","2,115"
Road Cycling,2021-07-03 07:08:42,false,"Rionegro Road Cycling","51.69","1,014","02:00:31","167","192","5.0","0","0","25.7","53.7","447","437","0.00","0.0","0.0","0","60","112","--","0.0","--","0","0","0.0","0.0","6601","0","0","0","0:00","17.0","0:00","No","08:30.48.9","7","0.0","38","18","47","01:58:09","02:01:16","2,112","2,193"
Indoor Cycling,2021-06-29 07:27:29,false,"Indoor Cycling","5.72","150","00:20:02","143","171","2.9","0","0","17.1","31.5","--","--","0.00","0.0","0.0","0","90","127","--","0.0","--","0","0","0.0","0.0","1795","0","0","0","0:00","19.0","0:00","No","20:02.10.9","1","0.0","33","21","40","00:19:36","00:20:02","--","--"
Road Cycling,2021-05-29 08:04:02,false,"Rionegro Road Cycling","33.80","873","02:34:46","138","190","5.0","0","0","13.1","61.8","575","696","0.00","0.0","0.0","0","62","111","--","0.0","--","0","0","0.0","0.0","4880","0","0","0","0:00","17.0","0:00","No","11:05.27.5","5","0.0","31","12","45","01:29:48","02:34:46","1,921","2,222"
Road Cycling,2021-05-28 07:04:22,false,"Rionegro Road Cycling","47.02","1,023","02:03:05","162","187","5.0","0","0","22.9","49.6","601","605","0.00","0.0","0.0","0","65","110","--","0.0","--","0","0","0.0","0.0","6876","0","0","0","0:00","14.0","0:00","No","15:47.08","6","0.0","38","22","48","01:54:44","02:03:05","2,092","2,175"
