Tipo de actividad,Fecha,Favorito,Título,Distancia,Calorías,Tiempo,Frecuencia cardiaca media,Frecuencia cardiaca máxima,Cadencia de carrera media,Cadencia de carrera máxima,Velocidad media,Velocidad máxima,Ascenso total,Descenso total,Longitud media de zancada,Relación vertical media,Oscilación vertical media,Tiempo medio de contacto con el suelo,Cadencia media de pedaleo,Cadencia de pedaleo máxima,Normalized Power® (NP®),Training Stress Score®,Potencia media máxima (20 minutos),Potencia media,Potencia máxima,Dificultad,Fluidez,Brazadas totales,Swolf medio,Velocidad media de palada,Repeticiones totales,Series totales,Tiempo de inmersión,Temperatura mínima,Intervalo en superficie,Descompresión,Mejor tiempo de vuelta,Número de vueltas,Temperatura máxima,Tiempo en movimiento,Tiempo transcurrido,Altura mínima,Altura máxima
Ciclismo virtual,2022-10-11 18:21:37,false,"Zwift - Tempus Fugit in Watopia","26.09","322","00:52:22","--","--","0","0","29.9","37.1","38","--","0.00","0.0","0.0","0","74","126","112","0.0","118","108","197","0.0","0.0","--","0","0","0","--","0:00","0.0","0:00","No","52:22.11","1","0.0","00:51:39","00:52:21","13","18"
Ciclismo en sala,2022-10-11 18:21:29,false,"Ciclismo en sala","20.84","286","00:52:05","137","157","0","0","24.0","32.6","--","--","0.00","0.0","0.0","0","74","119","--","0.0","--","0","0","0.0","0.0","3852","0","0","0","--","0:00","0.0","0:00","No","52:04.97.6","1","0.0","00:51:59","00:52:29","--","--"
Caminar,2022-10-11 11:00:07,false,"Sabaneta Caminar","0.66","35","00:08:13.6","113","123","114","130","12:26","10:20","13","--","0.71","0.0","0.0","0","0","0","--","0.0","--","0","0","0.0","0.0","--","0","0","0","--","0:00","0.0","0:00","No","08:13.55.3","1","0.0","00:08:10","00:08:51.6","1,599","1,640"
Ciclismo,2022-10-09 06:56:39,false,"El Retiro Ciclismo","54.75","1,035","02:46:16","160","187","0","0","19.8","41.3","891","900","0.00","0.0","0.0","0","0","0","--","0.0","--","0","0","0.0","0.0","--","0","0","0","--","0:00","0.0","0:00","No","02:46:16.19.5","1","0.0","02:44:30","04:08:51","2,060","2,444"
Ciclismo,2022-10-08 10:24:12,false,"Medellín Ciclismo","32.14","452","01:21:17","148","178","0","0","23.7","35.1","68","51","0.00","0.0","0.0","0","0","0","--","0.0","--","0","0","0.0","0.0","--","0","0","0","--","0:00","0.0","0:00","No","01:21:17.23","1","0.0","01:20:43","01:37:41","1,486","1,542"
Ciclismo virtual,2022-10-07 11:31:19,false,"Zwift - Race: EVO CC Womens Sprint Race Series (D) on Neokyo Crit Course in Makuri Islands","32.08","424","01:08:14","--","--","0","0","28.2","38.1","162","--","0.00","0.0","0.0","0","72","84","111","0.0","114","108","163","0.0","0.0","--","0","0","0","--","0:00","0.0","0:00","No","01:08:14.14.8","1","0.0","01:07:12","01:08:14","123","132"
Ciclismo en sala,2022-10-07 11:30:27,false,"Ciclismo en sala","26.94","361","01:08:13","137","153","0","0","23.7","27.3","--","--","0.00","0.0","0.0","0","72","85","--","0.0","--","0","0","0.0","0.0","4979","0","0","0","--","0:00","0.0","0:00","No","01:08:13.44.9","1","0.0","01:08:11","01:09:05","--","--"
Caminar,2022-10-06 17:52:01,false,"Medellín Caminar","2.69","120","00:36:11","101","131","109","209","13:28","9:39","--","182","0.68","0.0","0.0","0","0","0","--","0.0","--","0","0","0.0","0.0","--","0","0","0","--","0:00","0.0","0:00","No","08:16.92","3","0.0","00:35:58","00:37:47","1,494","1,686"
Ciclismo virtual,2022-10-06 12:15:01,false,"Zwift - Group Ride: Liv Velocity Social Ride (D) on Tempus Fugit in Watopia","37.43","440","01:09:59","--","--","0","0","32.1","41.7","57","--","0.00","0.0","0.0","0","74","116","118","0.0","125","110","379","0.0","0.0","--","0","0","0","--","0:00","0.0","0:00","No","01:09:59.47.5","1","0.0","01:07:56","01:10:56","13","18"
Ciclismo en sala,2022-10-06 12:13:06,false,"Ciclismo en sala","28.19","448","01:10:29","152","182","0","0","24.0","34.9","--","--","0.00","0.0","0.0","0","75","116","--","0.0","--","0","0","0.0","0.0","5288","0","0","0","--","0:00","0.0","0:00","No","01:10:28.77.1","1","0.0","01:10:23","01:12:46","--","--"
Ciclismo virtual,2022-10-05 10:03:35,false,"Zwift - Group Workout: Espaol | Finish Line Ride | ZA Road 2022 on Legends and Lava in Watopia","26.67","410","01:00:14","--","--","0","0","26.6","51.0","352","--","0.00","0.0","0.0","0","74","94","135","0.0","129","115","366","0.0","0.0","--","0","0","0","--","0:00","0.0","0:00","No","01:06.99.9","2","0.0","01:00:13","01:00:13","-6","132"
Ciclismo en sala,2022-10-05 10:02:04,false,"Ciclismo en sala","22.55","424","01:01:07","159","187","0","0","22.1","37.8","--","--","0.00","0.0","0.0","0","74","96","--","0.0","--","0","0","0.0","0.0","4542","0","0","0","--","0:00","0.0","0:00","No","01:01:06.89.9","1","0.0","01:01:00","01:01:16","--","--"
Entreno de fuerza,2022-10-04 13:13:30,false,"Fuerza","0.00","94","00:35:21","98","135","0","0","--","--","--","--","0.00","0.0","0.0","0","0","0","--","0.0","--","0","0","0.0","0.0","--","0","0","16","1","0:00","0.0","0:00","No","35:20.92.2","1","0.0","00:35:21","00:35:21","--","--"
Ciclismo virtual,2022-10-04 12:01:03,false,"Zwift - Group Workout: Women Only | Long | Push the Pain Barrier | ZA Road 2022 on Tick Tock in Watopia","20.64","278","00:48:44","--","--","0","0","25.4","42.7","59","--","0.00","0.0","0.0","0","79","94","113","0.0","108","99","200","0.0","0.0","--","0","0","0","--","0:00","0.0","0:00","No","00:15.00","31","0.0","00:48:38","00:48:45","-6","28"
Ciclismo en sala,2022-10-04 12:00:21,false,"Ciclismo en sala","20.76","282","00:48:59","143","174","0","0","25.4","30.8","--","--","0.00","0.0","0.0","0","79","94","--","0.0","--","0","0","0.0","0.0","3896","0","0","0","--","0:00","0.0","0:00","No","48:58.99.8","1","0.0","00:48:54","00:49:20","--","--"
Caminar,2022-10-02 14:04:38,false,"Guarne Caminar","0.97","86","00:27:01","109","147","69","159","27:55","11:50","30","81","0.52","0.0","0.0","0","0","0","--","0.0","--","0","0","0.0","0.0","--","0","0","0","--","0:00","0.0","0:00","No","27:01.07.7","1","0.0","00:26:21","00:53:30","2,439","2,481"
Caminar,2022-10-01 17:35:38,false,"Medellín Caminar","2.56","157","00:46:53","91","148","54","160","18:18","7:14","13","9","1.08","0.0","0.0","0","0","0","--","0.0","--","0","0","0.0","0.0","--","0","0","0","--","0:00","0.0","0:00","No","11:14.72.8","3","0.0","00:46:35","00:50:47","1,505","1,514"
Caminar,2022-10-01 15:59:39,false,"Medellín Caminar","0.66","38","00:13:59","87","111","60","159","21:04","3:32","2","2","0.79","0.0","0.0","0","0","0","--","0.0","--","0","0","0.0","0.0","--","0","0","0","--","0:00","0.0","0:00","No","13:59.34.3","1","0.0","00:13:35","00:20:17","1,513","1,518"
Ciclismo virtual,2022-10-01 10:52:29,false,"Zwift - The Highline in New York","20.18","329","00:50:37","--","--","0","0","23.9","66.0","342","--","0.00","0.0","0.0","0","69","90","123","0.0","122","113","235","0.0","0.0","--","0","0","0","--","0:00","0.0","0:00","No","50:37.00","1","0.0","00:50:32","00:50:37","36","133"
Ciclismo en sala,2022-10-01 10:52:21,false,"Ciclismo en sala","16.65","341","00:50:37","156","179","0","0","19.7","31.0","--","--","0.00","0.0","0.0","0","68","95","--","0.0","--","0","0","0.0","0.0","3480","0","0","0","--","0:00","0.0","0:00","No","50:37.34.5","1","0.0","00:50:32","00:50:40","--","--"
Caminar,2022-09-30 13:54:02,false,"Medellín Caminar","0.47","59","00:12:21","128","155","77","158","26:10","11:06","42","--","0.49","0.0","0.0","0","0","0","--","0.0","--","0","0","0.0","0.0","--","0","0","0","--","0:00","0.0","0:00","No","12:21.34.3","1","0.0","00:12:11","00:13:52","1,708","1,761"
Caminar,2022-09-30 12:50:25,false,"Medellín Caminar","0.43","26","00:09:44.4","97","118","73","154","22:26","3:35","5","17","0.61","0.0","0.0","0","0","0","--","0.0","--","0","0","0.0","0.0","--","0","0","0","--","0:00","0.0","0:00","No","09:44.39.2","1","0.0","00:09:17","00:31:03","1,732","1,756"
Ciclismo virtual,2022-09-30 10:34:38,false,"Zwift - Terrain Ride on Casse-Pattes in France","24.60","332","00:50:54","--","--","0","0","29.0","46.0","133","--","0.00","0.0","0.0","0","78","97","119","0.0","124","113","212","0.0","0.0","--","0","0","0","--","0:00","0.0","0:00","No","00:20.00","22","0.0","00:50:36","00:51:04","10","34"
Ciclismo en sala,2022-09-30 10:34:31,false,"Ciclismo en sala","20.35","336","00:51:06","153","170","0","0","23.9","31.0","--","--","0.00","0.0","0.0","0","78","97","--","0.0","--","0","0","0.0","0.0","4012","0","0","0","--","0:00","0.0","0:00","No","51:05.66.5","1","0.0","00:50:58","00:51:06","--","--"
Ciclismo virtual,2022-09-29 11:48:53,false,"Zwift - Progressive Ramps in Watopia","26.15","315","00:50:29","--","--","0","0","31.1","42.3","38","--","0.00","0.0","0.0","0","83","97","115","0.0","120","109","172","0.0","0.0","--","0","0","0","--","0:00","0.0","0:00","No","00:30.00","15","0.0","00:50:23","00:50:28","13","18"
Ciclismo en sala,2022-09-29 11:48:45,false,"Ciclismo en sala","20.36","290","00:50:16","140","163","0","0","24.3","27.9","--","--","0.00","0.0","0.0","0","83","97","--","0.0","--","0","0","0.0","0.0","4172","0","0","0","--","0:00","0.0","0:00","No","50:16.02.1","1","0.0","00:50:12","00:50:17","--","--"
Ciclismo virtual,2022-09-28 09:30:00,false,"Zwift - Group Workout: Long | Pyramids | ZA Road 2022 on Sprinter s Playground in Makuri Islands","16.56","270","00:45:02","--","--","0","0","22.1","41.2","86","--","0.00","0.0","0.0","0","81","97","116","0.0","114","103","266","0.0","0.0","--","0","0","0","--","0:00","0.0","0:00","No","00:15.00","27","0.0","00:43:38","00:46:14","122","142"
Ciclismo en sala,2022-09-28 09:29:27,false,"Ciclismo en sala","20.28","283","00:46:56","144","171","0","0","25.9","31.7","--","--","0.00","0.0","0.0","0","80","99","--","0.0","--","0","0","0.0","0.0","3758","0","0","0","--","0:00","0.0","0:00","No","46:55.90.4","1","0.0","00:46:53","00:50:18","--","--"
Caminar,2022-09-27 15:25:07,false,"Sabaneta Caminar","0.62","37","00:11:30","107","138","82","160","18:41","11:54","5","4","0.65","0.0","0.0","0","0","0","--","0.0","--","0","0","0.0","0.0","--","0","0","0","--","0:00","0.0","0:00","No","11:30.33.5","1","0.0","00:11:12","00:13:38","1,614","1,622"
Ciclismo en sala,2022-09-27 08:19:33,false,"Ciclismo en sala","22.46","295","00:50:22","142","164","0","0","26.8","33.7","--","--","0.00","0.0","0.0","0","74","94","--","0.0","--","0","0","0.0","0.0","3743","0","0","0","--","0:00","0.0","0:00","No","50:21.96.1","1","0.0","00:50:17","00:50:46","--","--"
Ciclismo virtual,2022-09-27 08:19:17,false,"Zwift - Zwift Academy Road: Workout 4 | Depleting Workout on Classique in France","21.28","303","00:51:04","--","--","0","0","25.0","57.8","154","--","0.00","0.0","0.0","0","74","93","114","0.0","114","104","258","0.0","0.0","--","0","0","0","--","0:00","0.0","0:00","No","00:15.00","19","0.0","00:50:28","00:51:04","10","121"
Ciclismo virtual,2022-09-26 11:13:32,false,"Zwift - Race: STAGE 4: GET ROLLINGPark Perimeter (D) on Park Perimeter Loop in New York","19.61","321","00:40:45","--","--","0","0","28.9","61.3","251","--","0.00","0.0","0.0","0","75","99","133","0.0","130","127","234","0.0","0.0","--","0","0","0","--","0:00","0.0","0:00","No","40:45.00","1","0.0","00:40:40","00:40:44","4","46"
Ciclismo en sala,2022-09-26 11:09:46,false,"Ciclismo en sala","17.77","305","00:46:51","151","178","0","0","22.8","34.6","--","--","0.00","0.0","0.0","0","73","99","--","0.0","--","0","0","0.0","0.0","3425","0","0","0","--","0:00","0.0","0:00","No","46:50.72.8","1","0.0","00:46:45","00:51:14","--","--"
Ciclismo virtual,2022-09-25 09:06:49,false,"Zwift - Sand And Sequoias in Watopia","23.50","292","00:48:30","--","--","0","0","29.1","50.4","181","--","0.00","0.0","0.0","0","77","95","111","0.0","118","105","245","0.0","0.0","--","0","0","0","--","0:00","0.0","0:00","No","48:30.48.7","1","0.0","00:48:25","00:48:34","11","83"
Ciclismo en sala,2022-09-25 09:06:44,false,"Ciclismo en sala","18.24","323","00:48:34","151","170","0","0","22.5","30.2","--","--","0.00","0.0","0.0","0","77","95","--","0.0","--","0","0","0.0","0.0","3746","0","0","0","--","0:00","0.0","0:00","No","48:34.04.1","1","0.0","00:48:34","00:48:34","--","--"
Caminar,2022-09-24 18:44:56,false,"Medellín Caminar","0.75","41","00:15:14","95","107","80","159","20:15","12:14","--","59","0.62","0.0","0.0","0","0","0","--","0.0","--","0","0","0.0","0.0","--","0","0","0","--","0:00","0.0","0:00","No","15:14.38","1","0.0","00:15:02","00:21:09","1,616","1,713"
Ciclismo virtual,2022-09-23 15:33:04,false,"Zwift - Endurance Free Ride in Richmond","20.31","312","00:50:28","--","--","0","0","24.1","62.7","242","--","0.00","0.0","0.0","0","69","91","117","0.0","115","107","208","0.0","0.0","--","0","0","0","--","0:00","0.0","0:00","No","00:29.00","2","0.0","00:50:23","00:50:27","4","57"
Ciclismo en sala,2022-09-23 15:32:55,false,"Ciclismo en sala","16.97","285","00:50:30","139","172","0","0","20.2","27.7","--","--","0.00","0.0","0.0","0","69","92","--","0.0","--","0","0","0.0","0.0","3513","0","0","0","--","0:00","0.0","0:00","No","50:30.35.1","1","0.0","00:50:22","00:50:59","--","--"
Caminar,2022-09-22 13:46:49,false,"Medellín Caminar","0.79","44","00:11:31","112","151","102","158","14:36","6:15","16","12","0.67","0.0","0.0","0","0","0","--","0.0","--","0","0","0.0","0.0","--","0","0","0","--","0:00","0.0","0:00","No","11:30.74.4","1","0.0","00:11:20","00:12:52","1,529","1,544"
Ciclismo virtual,2022-09-22 10:02:25,false,"Zwift - Tempo Over-Under in Watopia","21.37","312","00:50:40","--","--","0","0","25.3","63.0","169","--","0.00","0.0","0.0","0","78","94","111","0.0","114","107","190","0.0","0.0","--","0","0","0","--","0:00","0.0","0:00","No","00:18.00","13","0.0","00:50:26","00:50:39","-6","100"
Ciclismo en sala,2022-09-22 10:02:14,false,"Ciclismo en sala","21.27","316","00:50:43","145","157","0","0","25.2","30.3","--","--","0.00","0.0","0.0","0","78","98","--","0.0","--","0","0","0.0","0.0","3969","0","0","0","--","0:00","0.0","0:00","No","50:42.72.8","1","0.0","00:50:34","00:50:47","--","--"
Entreno de fuerza,2022-09-21 12:55:38,false,"Fuerza","0.00","135","00:44:47","105","141","0","0","--","--","--","--","0.00","0.0","0.0","0","0","0","--","0.0","--","0","0","0.0","0.0","--","0","0","5","1","0:00","0.0","0:00","No","44:46.82.4","1","0.0","00:44:47","00:44:47","--","--"
Ciclismo virtual,2022-09-21 11:13:40,false,"Zwift - Race: STAGE 3: GET ROLLINGDouce France (D) on Douce France in France","24.50","341","00:48:57","--","--","0","0","30.0","44.6","133","--","0.00","0.0","0.0","0","82","96","123","0.0","128","118","197","0.0","0.0","--","0","0","0","--","0:00","0.0","0:00","No","48:56.60.2","1","0.0","00:48:47","00:48:57","10","34"
Ciclismo en sala,2022-09-21 11:11:42,false,"Ciclismo en sala","20.46","334","00:50:44","150","170","0","0","24.2","30.7","--","--","0.00","0.0","0.0","0","81","98","--","0.0","--","0","0","0.0","0.0","4139","0","0","0","--","0:00","0.0","0:00","No","50:44.02.9","1","0.0","00:50:40","00:50:45","--","--"
Ciclismo virtual,2022-09-20 11:01:00,false,"Zwift - Group Workout: Women Only | Long | FTP Short Blocks | ZA Road 2022 on The Fan Flats in Richmond","23.47","334","00:54:07","--","--","0","0","26.0","38.3","60","--","0.00","0.0","0.0","0","86","132","115","0.0","118","106","254","0.0","0.0","--","0","0","0","--","0:00","0.0","0:00","No","00:30.00","30","0.0","00:53:05","00:54:05","52","65"
Ciclismo en sala,2022-09-20 11:00:06,false,"Ciclismo en sala","23.82","337","00:53:52","150","171","0","0","26.5","38.2","--","--","0.00","0.0","0.0","0","87","172","--","0.0","--","0","0","0.0","0.0","4690","0","0","0","--","0:00","0.0","0:00","No","53:52.12.1","1","0.0","00:53:49","00:54:49","--","--"
Ciclismo en sala,2022-09-20 09:33:24,false,"Ciclismo en sala","15.38","230","00:40:14","141","168","0","0","22.9","26.5","--","--","0.00","0.0","0.0","0","85","102","--","0.0","--","0","0","0.0","0.0","3454","0","0","0","--","0:00","0.0","0:00","No","40:14.16.6","1","0.0","00:40:13","00:40:14","--","--"
Ciclismo virtual,2022-09-20 09:24:26,false,"Zwift - 10x1min MAP (Max Aerobic) in Watopia","18.31","253","00:49:10","--","--","0","0","22.3","62.1","156","--","0.00","0.0","0.0","0","83","100","106","0.0","96","89","182","0.0","0.0","--","0","0","0","--","0:00","0.0","0:00","No","00:11.00","23","0.0","00:49:05","00:49:10","-6","100"
Ciclismo virtual,2022-09-19 11:31:02,false,"Zwift - Group Workout: Women Only | Long | The Volcano | ZA Road 2022 on Beach Island Loop in Watopia","21.37","298","00:48:45","--","--","0","0","26.3","42.8","85","--","0.00","0.0","0.0","0","82","99","115","0.0","119","105","197","0.0","0.0","--","0","0","0","--","0:00","0.0","0:00","No","00:16.00","26","0.0","00:48:39","00:48:44","-6","16"
Ciclismo en sala,2022-09-19 11:30:24,false,"Ciclismo en sala","21.62","301","00:49:17","146","169","0","0","26.3","31.8","--","--","0.00","0.0","0.0","0","81","99","--","0.0","--","0","0","0.0","0.0","4036","0","0","0","--","0:00","0.0","0:00","No","49:16.58.9","1","0.0","00:49:14","00:49:37","--","--"
Ciclismo,2022-09-18 08:24:34,false,"El Retiro Ciclismo","51.28","1,033","02:40:34","160","185","0","0","19.2","50.9","832","846","0.00","0.0","0.0","0","0","0","--","0.0","--","0","0","0.0","0.0","--","0","0","0","--","0:00","0.0","0:00","No","02:40:34.48.1","1","0.0","02:40:04","03:12:12","2,112","2,600"
Ciclismo virtual,2022-09-16 11:29:26,false,"Zwift - The Long Ride - SST Long in Watopia","68.08","897","02:35:59","--","--","0","0","26.2","45.0","274","--","0.00","0.0","0.0","0","72","106","112","0.0","121","103","232","0.0","0.0","--","0","0","0","--","0:00","0.0","0:00","No","00:14.00","29","0.0","02:27:09","02:36:07","-6","20"
Ciclismo en sala,2022-09-16 11:29:05,false,"Ciclismo en sala","48.75","764","02:26:40","141","163","0","0","19.9","28.5","--","--","0.00","0.0","0.0","0","75","108","--","0.0","--","0","0","0.0","0.0","11027","0","0","0","--","0:00","0.0","0:00","No","02:26:40.07.5","1","0.0","02:26:14","02:36:23","--","--"
Entreno de fuerza,2022-09-15 14:18:00,false,"Fuerza","0.00","51","00:16:54","101","121","0","0","--","--","--","--","0.00","0.0","0.0","0","0","0","--","0.0","--","0","0","0.0","0.0","--","0","0","6","1","0:00","0.0","0:00","No","16:54.28.3","1","0.0","00:16:54","00:16:54","--","--"
Ciclismo virtual,2022-09-15 12:55:09,false,"Zwift - Tempo To Sprints in Watopia","23.53","295","00:50:14","--","--","0","0","28.1","49.6","126","--","0.00","0.0","0.0","0","84","125","117","0.0","113","102","365","0.0","0.0","--","0","0","0","--","0:00","0.0","0:00","No","00:10.00","31","0.0","00:50:08","00:50:14","-6","23"
Ciclismo en sala,2022-09-15 12:55:00,false,"Ciclismo en sala","20.78","293","00:50:12","141","181","0","0","24.8","34.5","--","--","0.00","0.0","0.0","0","84","190","--","0.0","--","0","0","0.0","0.0","4237","0","0","0","--","0:00","0.0","0:00","No","50:11.72.6","1","0.0","00:50:06","00:50:20","--","--"
Ciclismo en sala,2022-09-14 11:14:27,false,"Ciclismo en sala","19.87","283","00:50:20","141","168","0","0","23.7","33.8","--","--","0.00","0.0","0.0","0","84","117","--","0.0","--","0","0","0.0","0.0","4240","0","0","0","--","0:00","0.0","0:00","No","50:19.64.4","1","0.0","00:50:13","00:52:04","--","--"
Ciclismo virtual,2022-09-14 11:14:21,false,"Zwift - Tempo Accelerations on Legends and Lava in France","22.89","289","00:52:09","--","--","0","0","26.3","43.7","115","--","0.00","0.0","0.0","0","81","118","110","0.0","109","98","294","0.0","0.0","--","0","0","0","--","0:00","0.0","0:00","No","00:11.00","23","0.0","00:50:42","00:52:08","10","34"
Ciclismo virtual,2022-09-14 10:03:01,false,"Zwift - Group Workout: Women Only | Short | Aerobic Conditioning | ZA Road 2022 on Classique in London","16.27","237","00:40:15","--","--","0","0","24.3","47.1","64","--","0.00","0.0","0.0","0","86","102","109","0.0","113","102","175","0.0","0.0","--","0","0","0","--","0:00","0.0","0:00","No","00:16.09","15","0.0","00:40:11","00:40:14","9","29"
Ciclismo en sala,2022-09-14 10:02:22,false,"Ciclismo en sala","17.62","241","00:40:54","141","164","0","0","25.9","32.5","--","--","0.00","0.0","0.0","0","85","103","--","0.0","--","0","0","0.0","0.0","3502","0","0","0","--","0:00","0.0","0:00","No","40:53.83.5","1","0.0","00:40:48","00:40:54","--","--"
Ciclismo en sala,2022-09-13 12:26:52,false,"Ciclismo en sala","13.23","217","00:36:53","140","157","0","0","21.5","25.1","--","--","0.00","0.0","0.0","0","73","92","--","0.0","--","0","0","0.0","0.0","2700","0","0","0","--","0:00","0.0","0:00","No","36:52.87.4","1","0.0","00:36:49","00:36:53","--","--"
Ciclismo virtual,2022-09-13 12:12:28,false,"Zwift - Race: STAGE 2: GET ROLLINGSand and Sequoias (C) on Sand And Sequoias in Watopia","22.56","278","00:51:23","--","--","0","0","26.3","50.6","180","--","0.00","0.0","0.0","0","73","88","99","0.0","106","94","173","0.0","0.0","--","0","0","0","--","0:00","0.0","0:00","No","51:22.99.9","1","0.0","00:51:17","00:51:21","11","83"
Ciclismo virtual,2022-09-13 11:03:36,false,"Zwift - Group Workout: Espaol | Women Only | Baseline Ride | ZA Road 2022 on Legends and Lava in Watopia","26.95","393","01:04:43","--","--","0","0","25.0","51.6","352","--","0.00","0.0","0.0","0","73","102","122","0.0","115","103","405","0.0","0.0","--","0","0","0","--","0:00","0.0","0:00","No","01:19.00","2","0.0","01:04:41","01:04:42","-6","132"
Ciclismo en sala,2022-09-13 11:01:20,false,"Ciclismo en sala","28.26","429","01:20:39","142","177","0","0","21.0","39.1","--","--","0.00","0.0","0.0","0","73","102","--","0.0","--","0","0","0.0","0.0","5956","0","0","0","--","0:00","0.0","0:00","No","01:20:38.85.2","1","0.0","01:20:38","01:25:17","--","--"
Ciclismo,2022-09-11 07:26:57,false,"Medellín Ciclismo","35.61","938","02:20:51","165","188","0","0","15.2","48.3","1,118","1,115","0.00","0.0","0.0","0","0","0","--","0.0","--","0","0","0.0","0.0","--","0","0","0","--","0:00","0.0","0:00","No","02:20:51.47.8","1","0.0","02:20:23","04:06:37","1,735","2,506"
Caminar,2022-09-10 13:53:35,false,"Medellín Caminar","1.43","58","00:23:05","82","103","90","122","16:10","11:10","3","68","0.72","0.0","0.0","0","0","0","--","0.0","--","0","0","0.0","0.0","--","0","0","0","--","0:00","0.0","0:00","No","07:40.64.9","2","0.0","00:22:56","00:23:32","1,679","1,748"
Ciclismo virtual,2022-09-09 11:34:24,false,"Zwift - The Long Ride - Extended Tempo in Watopia","66.04","778","02:16:09","--","--","0","0","29.1","37.5","98","--","0.00","0.0","0.0","0","76","131","104","0.0","115","100","151","0.0","0.0","--","0","0","0","--","0:00","0.0","0:00","No","01:10.01","21","0.0","02:15:32","02:16:09","13","18"
Ciclismo en sala,2022-09-09 11:34:15,false,"Ciclismo en sala","49.99","670","02:15:54","139","156","0","0","22.1","25.9","--","--","0.00","0.0","0.0","0","76","131","--","0.0","--","0","0","0.0","0.0","10412","0","0","0","--","0:00","0.0","0:00","No","02:15:53.94.1","1","0.0","02:15:47","02:16:21","--","--"
Ciclismo en sala,2022-09-08 13:10:27,false,"Ciclismo en sala","15.09","281","00:41:00","155","171","0","0","22.1","32.3","--","--","0.00","0.0","0.0","0","74","110","--","0.0","--","0","0","0.0","0.0","3049","0","0","0","--","0:00","0.0","0:00","No","40:59.86.4","1","0.0","00:40:57","00:41:13","--","--"
Ciclismo virtual,2022-09-08 13:10:26,false,"Zwift - Race: STAGE 1: GET ROLLINGQueen s Highway on Queen s Highway in Yorkshire","18.66","265","00:42:00","--","--","0","0","26.7","55.5","246","--","0.00","0.0","0.0","0","73","99","117","0.0","116","109","218","0.0","0.0","--","0","0","0","--","0:00","0.0","0:00","No","42:00.03","1","0.0","00:41:51","00:41:59","103","133"
Ciclismo virtual,2022-09-08 11:50:36,false,"Zwift - Step-Down Intervals","18.48","313","00:50:14","--","--","0","0","22.1","67.2","312","--","0.00","0.0","0.0","0","79","95","115","0.0","126","108","255","0.0","0.0","--","0","0","0","--","0:00","0.0","0:00","No","00:15.00","14","0.0","00:50:07","00:50:13","4","133"
Ciclismo en sala,2022-09-08 11:50:29,false,"Ciclismo en sala","20.85","327","00:50:15","150","177","0","0","24.9","30.3","--","--","0.00","0.0","0.0","0","79","95","--","0.0","--","0","0","0.0","0.0","3978","0","0","0","--","0:00","0.0","0:00","No","50:14.85","1","0.0","00:50:10","01:03:16","--","--"
Ciclismo virtual,2022-09-07 11:35:34,false,"Zwift - Low-Cadence Intervals on Road to Sky in France","25.03","313","00:55:35","--","--","0","0","27.0","43.5","138","--","0.00","0.0","0.0","0","68","92","106","0.0","107","98","207","0.0","0.0","--","0","0","0","--","0:00","0.0","0:00","No","02:00.00","18","0.0","00:54:51","00:55:34","10","34"
Ciclismo virtual,2022-09-07 11:00:03,false,"Zwift - Group Workout: Women Only | Orientation Ride | ZA Road 2022 on Seaside Sprint in Watopia","10.57","155","00:26:24","--","--","0","0","24.0","45.1","84","--","0.00","0.0","0.0","0","90","113","100","0.0","100","95","184","0.0","0.0","--","0","0","0","--","0:00","0.0","0:00","No","00:15.00","12","0.0","00:26:19","00:26:23","1","23"
Ciclismo en sala,2022-09-07 10:59:00,false,"Ciclismo en sala","33.90","453","01:22:27","143","167","0","0","24.7","33.4","--","--","0.00","0.0","0.0","0","75","114","--","0.0","--","0","0","0.0","0.0","6218","0","0","0","--","0:00","0.0","0:00","No","01:22:26.85.1","1","0.0","01:22:18","01:32:38","--","--"
Ciclismo virtual,2022-09-06 18:00:02,false,"Zwift - Group Workout: Women Only | Orientation Ride | ZA Road 2022 on Seaside Sprint in Watopia","11.06","175","00:30:34","--","--","0","0","21.7","43.8","84","--","0.00","0.0","0.0","0","87","108","103","0.0","107","99","228","0.0","0.0","--","0","0","0","--","0:00","0.0","0:00","No","00:30.00","12","0.0","00:29:51","00:30:33","1","23"
Ciclismo en sala,2022-09-06 17:58:23,false,"Ciclismo en sala","14.43","191","00:31:41","144","166","0","0","27.3","38.8","--","--","0.00","0.0","0.0","0","87","110","--","0.0","--","0","0","0.0","0.0","2753","0","0","0","--","0:00","0.0","0:00","No","31:40.88.5","1","0.0","00:31:34","00:32:10","--","--"
Ciclismo en sala,2022-09-06 09:13:19,false,"Ciclismo en sala","2.98","49","00:09:14.8","128","139","0","0","19.3","22.7","--","--","0.00","0.0","0.0","0","66","81","--","0.0","--","0","0","0.0","0.0","610","0","0","0","--","0:00","0.0","0:00","No","09:14.78.3","1","0.0","00:09:13","00:09:14.8","--","--"
Ciclismo virtual,2022-09-06 08:11:51,false,"Zwift - Endurance Free Ride in Watopia","21.33","261","01:11:39","--","--","0","0","17.9","44.6","85","--","0.00","0.0","0.0","0","65","94","95","0.0","103","96","222","0.0","0.0","--","0","0","0","--","0:00","0.0","0:00","No","01:06.95.2","2","0.0","00:51:13","01:11:39","-6","16"
Ciclismo en sala,2022-09-06 08:11:50,false,"Ciclismo en sala","14.93","273","00:40:14","152","173","0","0","22.3","27.7","--","--","0.00","0.0","0.0","0","76","95","--","0.0","--","0","0","0.0","0.0","3063","0","0","0","--","0:00","0.0","0:00","No","40:14.13.2","1","0.0","00:40:10","00:40:14","--","--"
Ciclismo,2022-09-04 07:55:52,false,"Medellín Ciclismo","31.57","889","02:07:02","167","187","0","0","14.9","50.4","966","965","0.00","0.0","0.0","0","0","0","--","0.0","--","0","0","0.0","0.0","--","0","0","0","--","0:00","0.0","0:00","No","00:00.41.4","2","0.0","02:03:44","03:27:54","1,576","2,561"
Caminar,2022-09-03 14:22:40,false,"Medellín Caminar","1.06","87","00:19:53","122","144","79","159","18:41","10:20","75","2","0.85","0.0","0.0","0","0","0","--","0.0","--","0","0","0.0","0.0","--","0","0","0","--","0:00","0.0","0:00","No","01:04.51.3","2","0.0","00:19:34","00:22:18","1,644","1,724"
Caminar,2022-09-03 12:56:39,false,"Medellín Caminar","1.32","53","00:23:43","79","113","53","111","18:00","12:46","2","55","5.12","0.0","0.0","0","0","0","--","0.0","--","0","0","0.0","0.0","--","0","0","0","--","0:00","0.0","0:00","No","06:16.23.9","2","0.0","00:23:28","00:37:00","1,734","1,793"
Entreno de fuerza,2022-09-02 11:12:40,false,"Fuerza","0.00","87","00:30:16","99","127","0","0","--","--","--","--","0.00","0.0","0.0","0","0","0","--","0.0","--","0","0","0.0","0.0","--","0","0","6","1","0:00","0.0","0:00","No","30:16.00.9","1","0.0","00:30:16","00:30:16","--","--"
Ciclismo virtual,2022-09-02 10:03:54,false,"Indoor","25.18","336","00:56:24","--","--","0","0","26.8","52.5","208","--","0.00","0.0","0.0","0","75","92","110","0.0","119","104","219","0.0","0.0","--","0","0","0","--","0:00","0.0","0:00","No","56:23.99.9","1","0.0","00:56:19","00:56:23","-6","132"
Ciclismo en sala,2022-09-02 10:03:48,false,"Ciclismo en sala","20.71","350","00:56:26","146","177","0","0","22.0","26.7","--","--","0.00","0.0","0.0","0","75","107","--","0.0","--","0","0","0.0","0.0","4238","0","0","0","--","0:00","0.0","0:00","No","56:25.49.9","1","0.0","00:56:23","00:56:26","--","--"
Ciclismo virtual,2022-09-01 11:35:33,false,"Zwift - The Long Ride - Spiked Base Progressive VO2 in Watopia","53.71","692","01:55:17","--","--","0","0","28.0","57.1","418","--","0.00","0.0","0.0","0","84","110","110","0.0","119","104","181","0.0","0.0","--","0","0","0","--","0:00","0.0","0:00","No","00:18.04","32","0.0","01:55:13","01:55:16","11","83"
Ciclismo en sala,2022-09-01 11:35:31,false,"Ciclismo en sala","44.03","675","01:55:15","150","175","0","0","22.9","28.2","--","--","0.00","0.0","0.0","0","84","145","--","0.0","--","0","0","0.0","0.0","9688","0","0","0","--","0:00","0.0","0:00","No","01:55:15.02.8","1","0.0","01:55:11","01:55:15","--","--"
Entreno de fuerza,2022-08-31 11:23:14,false,"Fuerza","0.00","165","01:02:59","99","136","0","0","--","--","--","--","0.00","0.0","0.0","0","0","0","--","0.0","--","0","0","0.0","0.0","--","0","0","8","1","0:00","0.0","0:00","No","01:02:59.31.3","1","0.0","01:02:59","01:02:59","--","--"
Ciclismo virtual,2022-08-31 09:56:45,false,"Zwift - Make A Break For It in Watopia","25.04","317","00:54:28","--","--","0","0","27.6","50.5","134","--","0.00","0.0","0.0","0","85","135","110","0.0","112","102","207","0.0","0.0","--","0","0","0","--","0:00","0.0","0:00","No","00:30.00","22","0.0","00:53:52","00:54:28","-6","23"
Ciclismo en sala,2022-08-31 09:56:35,false,"Ciclismo en sala","22.56","325","00:54:07","143","172","0","0","25.0","31.2","--","--","0.00","0.0","0.0","0","85","129","--","0.0","--","0","0","0.0","0.0","4636","0","0","0","--","0:00","0.0","0:00","No","54:06.50","1","0.0","00:54:03","00:54:37","--","--"
Ciclismo virtual,2022-08-30 18:28:02,false,"Indoor","23.29","297","00:50:15","--","--","0","0","27.8","50.8","181","--","0.00","0.0","0.0","0","76","92","105","0.0","109","103","174","0.0","0.0","--","0","0","0","--","0:00","0.0","0:00","No","00:16.03.1","2","0.0","00:50:11","00:50:14","11","83"
Ciclismo en sala,2022-08-30 18:27:38,false,"Ciclismo en sala","18.71","290","00:50:30","139","152","0","0","22.2","26.3","--","--","0.00","0.0","0.0","0","76","92","--","0.0","--","0","0","0.0","0.0","3828","0","0","0","--","0:00","0.0","0:00","No","50:30.18","1","0.0","00:50:18","00:50:34","--","--"
Entreno de fuerza,2022-08-29 16:07:09,false,"Fuerza","0.00","81","00:32:32","95","117","0","0","--","--","--","--","0.00","0.0","0.0","0","0","0","--","0.0","--","0","0","0.0","0.0","--","0","0","6","1","0:00","0.0","0:00","No","32:31.59.3","1","0.0","00:32:32","00:32:32","--","--"
Ciclismo,2022-08-28 08:21:56,false,"Medellín Ciclismo","23.62","740","01:50:49","165","188","0","0","12.8","47.0","766","763","0.00","0.0","0.0","0","0","0","--","0.0","--","0","0","0.0","0.0","--","0","0","0","--","0:00","0.0","0:00","No","01:50:49.38","1","0.0","01:46:39","02:20:29","1,748","2,519"
Ciclismo virtual,2022-08-27 12:03:01,false,"Indoor","25.58","354","01:00:38","--","--","0","0","25.3","62.0","193","--","0.00","0.0","0.0","0","75","92","108","0.0","117","102","193","0.0","0.0","--","0","0","0","--","0:00","0.0","0:00","No","01:00:38.00","1","0.0","01:00:33","01:00:37","-6","100"
Ciclismo en sala,2022-08-27 12:02:52,false,"Ciclismo en sala","21.97","348","01:00:30","141","170","0","0","21.8","26.4","--","--","0.00","0.0","0.0","0","75","92","--","0.0","--","0","0","0.0","0.0","4586","0","0","0","--","0:00","0.0","0:00","No","01:00:29.76.7","1","0.0","01:00:26","01:00:30","--","--"
Ciclismo en sala,2022-08-26 11:56:27,false,"Ciclismo en sala","22.81","350","00:59:59","141","170","0","0","22.8","30.5","--","--","0.00","0.0","0.0","0","84","115","--","0.0","--","0","0","0.0","0.0","5088","0","0","0","--","0:00","0.0","0:00","No","00:00.56.8","2","0.0","00:59:56","00:59:59","--","--"
Ciclismo virtual,2022-08-26 11:56:09,false,"Indoor","28.68","337","01:00:59","--","--","0","0","28.2","50.3","84","--","0.00","0.0","0.0","0","83","114","100","0.0","103","96","227","0.0","0.0","--","0","0","0","--","0:00","0.0","0:00","No","01:00:58.99.9","1","0.0","01:00:53","01:00:58","-6","28"
Caminar,2022-08-25 18:40:17,false,"Medellín Caminar","1.88","88","00:27:16","94","124","102","137","14:32","9:52","7","121","0.67","0.0","0.0","0","0","0","--","0.0","--","0","0","0.0","0.0","--","0","0","0","--","0:00","0.0","0:00","No","13:13.54.7","2","0.0","00:27:11","00:28:45","1,588","1,810"
Ciclismo virtual,2022-08-25 11:58:03,false,"Indoor","25.06","302","00:51:42","--","--","0","0","29.1","36.8","38","--","0.00","0.0","0.0","0","83","105","109","0.0","111","102","190","0.0","0.0","--","0","0","0","--","0:00","0.0","0:00","No","01:00.00","23","0.0","00:51:08","00:51:42","13","18"
Ciclismo en sala,2022-08-25 11:57:52,false,"Ciclismo en sala","20.68","322","00:51:28","147","165","0","0","24.1","29.3","--","--","0.00","0.0","0.0","0","83","105","--","0.0","--","0","0","0.0","0.0","4283","0","0","0","--","0:00","0.0","0:00","No","51:28.37.6","1","0.0","00:51:19","00:51:53","--","--"
Ciclismo en sala,2022-08-24 11:27:07,false,"Ciclismo en sala","34.46","456","01:34:38","134","170","0","0","21.9","26.4","--","--","0.00","0.0","0.0","0","81","102","--","0.0","--","0","0","0.0","0.0","7750","0","0","0","--","0:00","0.0","0:00","No","01:34:37.64.2","1","0.0","01:34:33","01:35:11","--","--"
Ciclismo virtual,2022-08-24 11:26:57,false,"Zwift - The Long Ride - Spiked Base in Watopia","44.95","501","01:35:41","--","--","0","0","28.2","37.3","67","--","0.00","0.0","0.0","0","81","100","98","0.0","107","91","205","0.0","0.0","--","0","0","0","--","0:00","0.0","0:00","No","00:30.00","16","0.0","01:35:21","01:35:41","13","18"
Entreno de fuerza,2022-08-24 08:37:37,false,"Fuerza","0.00","84","00:39:29","88","109","0","0","--","--","--","--","0.00","0.0","0.0","0","0","0","--","0.0","--","0","0","0.0","0.0","--","0","0","4","1","0:00","0.0","0:00","No","39:28.89.4","1","0.0","00:39:29","00:39:29","--","--"
Ciclismo virtual,2022-08-23 10:06:59,false,"Indoor","28.05","310","01:26:31","--","--","0","0","19.4","43.6","43","--","0.00","0.0","0.0","0","57","108","98","0.0","113","69","239","0.0","0.0","--","0","0","0","--","0:00","0.0","0:00","No","01:00.00","14","0.0","01:00:52","01:26:31","13","18"
Ciclismo en sala,2022-08-23 10:06:54,false,"Ciclismo en sala","21.96","315","01:01:12","134","179","0","0","21.5","29.9","--","--","0.00","0.0","0.0","0","73","106","--","0.0","--","0","0","0.0","0.0","4486","0","0","0","--","0:00","0.0","0:00","No","01:01:11.72.5","1","0.0","01:01:03","01:26:37","--","--"
Caminar,2022-08-20 19:19:17,false,"Medellín Caminar","1.02","46","00:15:29","95","105","98","124","15:12","10:20","--","65","0.66","0.0","0.0","0","0","0","--","0.0","--","0","0","0.0","0.0","--","0","0","0","--","0:00","0.0","0:00","No","00:01.93.5","2","0.0","00:15:21","00:16:32","1,644","1,744"
Ciclismo,2022-08-20 08:11:40,false,"Medellín Ciclismo","23.51","754","01:45:15","169","188","0","0","13.4","50.3","755","760","0.00","0.0","0.0","0","0","0","--","0.0","--","0","0","0.0","0.0","--","0","0","0","--","0:00","0.0","0:00","No","00:00.34.9","2","0.0","01:44:40","02:35:20","1,745","2,508"
Entreno de fuerza,2022-08-19 13:10:03,false,"Fuerza","0.00","38","00:17:28","86","122","0","0","--","--","--","--","0.00","0.0","0.0","0","0","0","--","0.0","--","0","0","0.0","0.0","--","0","0","23","1","0:00","0.0","0:00","No","17:28.46.3","1","0.0","00:17:28","00:17:28","--","--"
Ciclismo virtual,2022-08-19 11:45:07,false,"Indoor","25.05","294","00:50:17","--","--","0","0","29.9","38.0","38","--","0.00","0.0","0.0","0","81","95","103","0.0","105","102","139","0.0","0.0","--","0","0","0","--","0:00","0.0","0:00","No","00:18.00","2","0.0","00:50:13","00:50:16","13","18"
Ciclismo en sala,2022-08-19 11:45:00,false,"Ciclismo en sala","19.67","314","00:50:23","143","155","0","0","23.4","25.6","--","--","0.00","0.0","0.0","0","81","97","--","0.0","--","0","0","0.0","0.0","4068","0","0","0","--","0:00","0.0","0:00","No","50:22.86.6","1","0.0","00:50:08","00:50:52","--","--"
Entreno de fuerza,2022-08-17 11:32:07,false,"Fuerza","0.00","89","00:37:57","92","121","0","0","--","--","--","--","0.00","0.0","0.0","0","0","0","--","0.0","--","0","0","0.0","0.0","--","0","0","9","1","0:00","0.0","0:00","No","37:57.46.2","1","0.0","00:37:57","00:37:57","--","--"
Ciclismo virtual,2022-08-17 10:01:57,false,"Indoor","32.43","392","01:10:25","--","--","0","0","27.6","37.5","167","--","0.00","0.0","0.0","0","76","92","98","0.0","104","95","161","0.0","0.0","--","0","0","0","--","0:00","0.0","0:00","No","01:10:25.00","1","0.0","01:10:20","01:10:24","123","132"
Ciclismo en sala,2022-08-17 10:00:25,false,"Ciclismo en sala","26.80","446","01:11:48","149","168","0","0","22.4","26.5","--","--","0.00","0.0","0.0","0","76","94","--","0.0","--","0","0","0.0","0.0","5479","0","0","0","--","0:00","0.0","0:00","No","01:11:48.29.4","1","0.0","01:11:48","01:11:48","--","--"
Caminar,2022-08-14 18:07:37,false,"Jericó Caminar","0.84","59","00:18:34","101","126","52","159","22:01","7:58","13","4","0.87","0.0","0.0","0","0","0","--","0.0","--","0","0","0.0","0.0","--","0","0","0","--","0:00","0.0","0:00","No","18:34.11.4","1","0.0","00:17:43","01:08:32","2,005","2,030"
Caminar,2022-08-13 20:08:08,false,"Jericó Caminar","0.54","42","00:11:25","106","142","67","158","21:04","9:10","14","--","0.71","0.0","0.0","0","0","0","--","0.0","--","0","0","0.0","0.0","--","0","0","0","--","0:00","0.0","0:00","No","11:25.34.6","1","0.0","00:10:47","00:41:09","2,021","2,045"
Caminar,2022-08-12 20:34:43,false,"Medellín Caminar","0.90","74","00:16:35","120","138","86","160","18:29","4:13","60","--","0.63","0.0","0.0","0","0","0","--","0.0","--","0","0","0.0","0.0","--","0","0","0","--","0:00","0.0","0:00","No","16:35.25.2","1","0.0","00:16:21","00:17:20","1,680","1,742"
Caminar,2022-08-12 19:27:34,false,"Medellín Caminar","0.86","41","00:14:12","100","119","92","120","16:27","12:19","--","63","0.66","0.0","0.0","0","0","0","--","0.0","--","0","0","0.0","0.0","--","0","0","0","--","0:00","0.0","0:00","No","14:11.51.2","1","0.0","00:14:09","00:15:01","1,666","1,744"
Entreno de fuerza,2022-08-12 12:24:45,false,"Fuerza","0.00","139","00:40:07","110","144","0","0","--","--","--","--","0.00","0.0","0.0","0","0","0","--","0.0","--","0","0","0.0","0.0","--","0","0","16","1","0:00","0.0","0:00","No","40:07.17.7","1","0.0","00:40:07","00:40:07","--","--"
Ciclismo en sala,2022-08-12 11:06:25,false,"Ciclismo en sala","23.30","332","01:00:08","139","165","0","0","23.2","28.2","--","--","0.00","0.0","0.0","0","79","98","--","0.0","--","0","0","0.0","0.0","4804","0","0","0","--","0:00","0.0","0:00","No","01:00:08.29.9","1","0.0","01:00:06","01:00:39","--","--"
Ciclismo virtual,2022-08-12 11:06:21,false,"Indoor","21.21","308","01:00:53","--","--","0","0","20.9","72.0","228","--","0.00","0.0","0.0","0","79","96","95","0.0","97","89","158","0.0","0.0","--","0","0","0","--","0:00","0.0","0:00","No","02:00.00","20","0.0","01:00:13","01:00:52","3","156"
Entreno de fuerza,2022-08-11 12:18:19,false,"Fuerza","0.00","92","00:34:37","97","123","0","0","--","--","--","--","0.00","0.0","0.0","0","0","0","--","0.0","--","0","0","0.0","0.0","--","0","0","11","1","0:00","0.0","0:00","No","34:36.93.9","1","0.0","00:34:37","00:34:37","--","--"
Ciclismo en sala,2022-08-11 11:03:03,false,"Ciclismo en sala","21.80","394","01:00:12","153","177","0","0","21.7","26.8","--","--","0.00","0.0","0.0","0","74","93","--","0.0","--","0","0","0.0","0.0","4458","0","0","0","--","0:00","0.0","0:00","No","01:00:12.18.6","1","0.0","01:00:10","01:00:12","--","--"
Ciclismo virtual,2022-08-11 11:02:59,false,"Indoor","26.26","350","01:00:21","--","--","0","0","26.1","52.0","207","--","0.00","0.0","0.0","0","74","92","106","0.0","115","100","192","0.0","0.0","--","0","0","0","--","0:00","0.0","0:00","No","01:00:21.00","1","0.0","01:00:09","01:00:20","-6","132"
Entreno de fuerza,2022-08-10 12:57:35,false,"Fuerza","0.00","89","00:35:45","94","114","0","0","--","--","--","--","0.00","0.0","0.0","0","0","0","--","0.0","--","0","0","0.0","0.0","--","0","0","30","1","0:00","0.0","0:00","No","35:45.13.5","1","0.0","00:35:45","00:35:45","--","--"
Ciclismo virtual,2022-08-10 11:19:28,false,"Indoor","28.05","387","01:13:14","--","--","0","0","23.0","62.0","328","--","0.00","0.0","0.0","0","76","97","108","0.0","140","92","205","0.0","0.0","--","0","0","0","--","0:00","0.0","0:00","No","00:15.00","16","0.0","01:13:05","01:13:14","1","58"
Ciclismo en sala,2022-08-10 11:19:21,false,"Ciclismo en sala","27.12","478","01:13:21","151","189","0","0","22.2","28.5","--","--","0.00","0.0","0.0","0","75","101","--","0.0","--","0","0","0.0","0.0","5559","0","0","0","--","0:00","0.0","0:00","No","01:13:20.90.4","1","0.0","01:13:14","01:13:52","--","--"
Ciclismo virtual,2022-08-09 11:02:48,false,"Indoor","30.36","415","01:11:09","--","--","0","0","25.6","52.7","223","--","0.00","0.0","0.0","0","74","97","105","0.0","111","101","200","0.0","0.0","--","0","0","0","--","0:00","0.0","0:00","No","01:11:08.99.9","1","0.0","01:10:24","01:11:08","122","197"
Ciclismo en sala,2022-08-09 11:01:59,false,"Ciclismo en sala","26.14","425","01:10:53","145","163","0","0","22.1","28.3","--","--","0.00","0.0","0.0","0","74","100","--","0.0","--","0","0","0.0","0.0","5314","0","0","0","--","0:00","0.0","0:00","No","01:10:52.68.5","1","0.0","01:10:50","01:11:32","--","--"
Entreno de fuerza,2022-08-09 10:32:49,false,"Fuerza","0.00","62","00:25:27","92","117","0","0","--","--","--","--","0.00","0.0","0.0","0","0","0","--","0.0","--","0","0","0.0","0.0","--","0","0","23","1","0:00","0.0","0:00","No","25:27.20.3","1","0.0","00:25:27","00:25:27","--","--"
Entreno de fuerza,2022-08-08 12:34:28,false,"Fuerza","0.00","86","00:30:40","99","118","0","0","--","--","--","--","0.00","0.0","0.0","0","0","0","--","0.0","--","0","0","0.0","0.0","--","0","0","10","1","0:00","0.0","0:00","No","30:39.56.8","1","0.0","00:30:40","00:30:40","--","--"
Ciclismo virtual,2022-08-08 11:01:51,false,"Indoor","31.14","430","01:10:26","--","--","0","0","26.5","52.8","227","--","0.00","0.0","0.0","0","76","101","106","0.0","108","103","207","0.0","0.0","--","0","0","0","--","0:00","0.0","0:00","No","01:10:26.00","1","0.0","01:10:21","01:10:26","122","197"
Ciclismo en sala,2022-08-08 10:59:14,false,"Ciclismo en sala","26.96","459","01:12:53","147","162","0","0","22.2","29.2","--","--","0.00","0.0","0.0","0","75","100","--","0.0","--","0","0","0.0","0.0","5514","0","0","0","--","0:00","0.0","0:00","No","01:12:52.87.6","1","0.0","01:12:48","01:12:53","--","--"
Ciclismo virtual,2022-08-06 11:53:16,false,"Indoor","28.11","347","01:01:35","--","--","0","0","27.4","51.8","187","--","0.00","0.0","0.0","0","76","98","101","0.0","105","98","230","0.0","0.0","--","0","0","0","--","0:00","0.0","0:00","No","01:01:34.99.9","1","0.0","01:01:32","01:01:35","122","191"
Ciclismo en sala,2022-08-06 11:52:55,false,"Ciclismo en sala","22.87","389","01:01:48","146","168","0","0","22.2","28.9","--","--","0.00","0.0","0.0","0","76","102","--","0.0","--","0","0","0.0","0.0","4683","0","0","0","--","0:00","0.0","0:00","No","01:01:48.39.7","1","0.0","01:01:29","01:01:48","--","--"
Entreno de fuerza,2022-08-04 13:15:17,false,"Fuerza","0.00","126","00:37:36","108","142","0","0","--","--","--","--","0.00","0.0","0.0","0","0","0","--","0.0","--","0","0","0.0","0.0","--","0","0","9","1","0:00","0.0","0:00","No","37:36.16.6","1","0.0","00:37:36","00:37:36","--","--"
Ciclismo virtual,2022-08-04 11:53:09,false,"Indoor","26.35","325","01:00:44","--","--","0","0","26.0","43.5","106","--","0.00","0.0","0.0","0","75","90","96","0.0","100","93","168","0.0","0.0","--","0","0","0","--","0:00","0.0","0:00","No","01:00:44.22.4","1","0.0","01:00:39","01:00:43","-6","16"
Ciclismo en sala,2022-08-04 11:52:12,false,"Ciclismo en sala","22.34","311","01:01:53","131","151","0","0","21.7","26.4","--","--","0.00","0.0","0.0","0","75","91","--","0.0","--","0","0","0.0","0.0","4566","0","0","0","--","0:00","0.0","0:00","No","01:01:53.28.7","1","0.0","01:00:37","01:02:39","--","--"
Ciclismo virtual,2022-08-03 12:01:37,false,"Indoor","30.21","401","01:03:17","--","--","0","0","28.6","44.3","136","--","0.00","0.0","0.0","0","79","99","107","0.0","113","104","213","0.0","0.0","--","0","0","0","--","0:00","0.0","0:00","No","01:03:17.03.1","1","0.0","01:03:12","01:03:17","10","34"
Ciclismo en sala,2022-08-03 11:56:38,false,"Ciclismo en sala","26.24","421","01:08:13","144","166","0","0","23.1","28.7","--","--","0.00","0.0","0.0","0","77","100","--","0.0","--","0","0","0.0","0.0","5312","0","0","0","--","0:00","0.0","0:00","No","01:08:12.82.5","1","0.0","01:08:11","01:08:13","--","--"
Ciclismo virtual,2022-08-02 12:30:40,false,"Indoor","27.57","314","01:02:11","--","--","0","0","26.6","51.8","81","--","0.00","0.0","0.0","0","74","103","92","0.0","95","90","230","0.0","0.0","--","0","0","0","--","0:00","0.0","0:00","No","01:02:10.80.5","1","0.0","01:01:15","01:02:10","-6","28"
Ciclismo en sala,2022-08-02 12:29:40,false,"Ciclismo en sala","22.47","324","01:02:07","133","156","0","0","21.7","30.3","--","--","0.00","0.0","0.0","0","74","103","--","0.0","--","0","0","0.0","0.0","4594","0","0","0","--","0:00","0.0","0:00","No","01:02:07.14.5","1","0.0","01:01:26","01:03:03","--","--"
Ciclismo,2022-07-31 06:25:20,false,"Medellín Ciclismo","62.78","1,659","04:16:32","155","188","0","0","14.7","46.0","1,043","1,022","0.00","0.0","0.0","0","0","0","--","0.0","--","0","0","0.0","0.0","--","0","0","0","--","0:00","0.0","0:00","No","04:16:31.74.7","1","0.0","04:09:02","06:42:48","1,522","2,331"
Ciclismo,2022-07-30 07:29:53,false,"Rionegro Ciclismo","53.64","1,129","02:24:48","169","191","0","0","22.2","58.8","506","517","0.00","0.0","0.0","0","0","0","--","0.0","--","0","0","0.0","0.0","--","0","0","0","--","0:00","0.0","0:00","No","02:24:47.96.2","1","0.0","02:24:14","03:16:40","2,075","2,297"
Ciclismo virtual,2022-07-27 15:00:39,false,"Indoor","25.11","332","00:58:48","--","--","0","0","25.6","58.8","154","--","0.00","0.0","0.0","0","71","102","103","0.0","110","96","223","0.0","0.0","--","0","0","0","--","0:00","0.0","0:00","No","58:48.44","1","0.0","00:58:26","00:58:47","10","121"
Ciclismo en sala,2022-07-27 14:58:41,false,"Ciclismo en sala","21.39","393","01:00:21","146","177","0","0","21.3","32.3","--","--","0.00","0.0","0.0","0","71","107","--","0.0","--","0","0","0.0","0.0","4293","0","0","0","--","0:00","0.0","0:00","No","01:00:21.15.6","1","0.0","01:00:18","01:00:35","--","--"
Entreno de fuerza,2022-07-26 08:47:50,false,"Fuerza","0.00","189","00:35:15","135","173","0","0","--","--","--","--","0.00","0.0","0.0","0","0","0","--","0.0","--","0","0","0.0","0.0","--","0","0","8","1","0:00","0.0","0:00","No","35:15.28.9","1","0.0","00:35:15","00:35:15","--","--"
Caminar,2022-07-21 15:03:05,false,"Medellín Caminar","0.78","65","00:17:35","112","140","88","159","22:33","10:31","59","--","0.51","0.0","0.0","0","0","0","--","0.0","--","0","0","0.0","0.0","--","0","0","0","--","0:00","0.0","0:00","No","17:35.32.8","1","0.0","00:17:27","00:18:19","1,678","1,740"
Caminar,2022-07-20 16:22:36,false,"Medellín Caminar","2.25","117","00:39:52","93","127","89","115","17:40","9:01","20","140","0.64","0.0","0.0","0","0","0","--","0.0","--","0","0","0.0","0.0","--","0","0","0","--","0:00","0.0","0:00","No","04:59.84.1","3","0.0","00:39:30","00:49:52","1,609","1,741"
Ciclismo,2022-07-20 09:16:54,false,"Medellín Ciclismo","15.32","511","01:11:38","168","189","0","0","12.8","41.6","471","465","0.00","0.0","0.0","0","0","0","--","0.0","--","0","0","0.0","0.0","--","0","0","0","--","0:00","0.0","0:00","No","01:11:37.84","1","0.0","01:11:13","01:25:50","1,742","2,220"
Ciclismo virtual,2022-07-19 16:03:30,false,"Indoor","22.37","273","00:53:12","--","--","0","0","25.2","56.0","154","--","0.00","0.0","0.0","0","72","97","96","0.0","102","89","209","0.0","0.0","--","0","0","0","--","0:00","0.0","0:00","No","53:12.00","1","0.0","00:53:09","00:53:14","10","121"
Ciclismo en sala,2022-07-19 16:02:53,false,"Ciclismo en sala","17.75","301","00:53:13","139","156","0","0","20.0","29.6","--","--","0.00","0.0","0.0","0","71","105","--","0.0","--","0","0","0.0","0.0","3824","0","0","0","--","0:00","0.0","0:00","No","53:12.61.7","1","0.0","00:53:08","00:53:43","--","--"
Caminar,2022-07-19 09:52:03,false,"Sabaneta Caminar","0.81","45","00:11:41","110","123","101","127","14:28","9:24","14","5","0.69","0.0","0.0","0","0","0","--","0.0","--","0","0","0.0","0.0","--","0","0","0","--","0:00","0.0","0:00","No","11:41.33","1","0.0","00:11:30","00:12:13","1,533","1,610"
Ciclismo en sala,2022-07-17 17:15:53,false,"Ciclismo en sala","22.06","380","01:01:07","145","171","0","0","21.7","28.3","--","--","0.00","0.0","0.0","0","73","99","--","0.0","--","0","0","0.0","0.0","4501","0","0","0","--","0:00","0.0","0:00","No","01:01:06.57.9","1","0.0","01:01:03","01:01:08","--","--"
Ciclismo virtual,2022-07-17 17:13:53,false,"Indoor","27.30","347","01:02:56","--","--","0","0","26.0","57.0","165","--","0.00","0.0","0.0","0","72","97","103","0.0","111","96","237","0.0","0.0","--","0","0","0","--","0:00","0.0","0:00","No","01:02:55.57.2","1","0.0","01:02:45","01:03:09","10","121"
Ciclismo,2022-07-16 12:36:24,false,"Medellín Ciclismo","5.02","165","00:24:02","150","170","0","0","12.5","28.7","13","22","0.00","0.0","0.0","0","0","0","--","0.0","--","0","0","0.0","0.0","--","0","0","0","--","0:00","0.0","0:00","No","24:01.92","1","0.0","00:22:31","00:40:28","1,529","1,560"
Ciclismo,2022-07-16 06:31:52,false,"Medellín Ciclismo","30.50","1,191","02:28:47","171","186","0","0","12.3","40.0","985","248","0.00","0.0","0.0","0","0","0","--","0.0","--","0","0","0.0","0.0","--","0","0","0","--","0:00","0.0","0:00","No","02:28:47.24.6","1","0.0","02:27:39","03:29:20","1,519","2,488"
Entreno de fuerza,2022-07-15 16:16:54,false,"Fuerza","0.00","50","00:18:23","94","122","0","0","--","--","--","--","0.00","0.0","0.0","0","0","0","--","0.0","--","0","0","0.0","0.0","--","0","0","6","1","0:00","0.0","0:00","No","18:22.53.1","1","0.0","00:18:23","00:18:23","--","--"
Ciclismo en sala,2022-07-14 12:22:13,false,"Ciclismo en sala","17.51","292","00:46:59","142","156","0","0","22.4","32.1","--","--","0.00","0.0","0.0","0","77","132","--","0.0","--","0","0","0.0","0.0","3622","0","0","0","--","0:00","0.0","0:00","No","46:58.90.6","1","0.0","00:46:55","00:47:27","--","--"
Ciclismo virtual,2022-07-14 12:22:10,false,"Indoor","21.46","240","00:47:26","--","--","0","0","27.1","36.4","32","--","0.00","0.0","0.0","0","76","124","92","0.0","96","89","228","0.0","0.0","--","0","0","0","--","0:00","0.0","0:00","No","47:26.35.8","1","0.0","00:46:43","00:47:25","13","18"
Entreno de fuerza,2022-07-14 11:37:21,false,"Fuerza","0.00","72","00:15:17","119","141","0","0","--","--","--","--","0.00","0.0","0.0","0","0","0","--","0.0","--","0","0","0.0","0.0","--","0","0","17","1","0:00","0.0","0:00","No","15:16.57.2","1","0.0","00:15:17","00:15:17","--","--"
Cardio,2022-07-14 10:49:24,false,"Cardio","0.00","183","00:36:18","129","172","0","0","--","--","--","--","0.00","0.0","0.0","0","0","0","--","0.0","--","0","0","0.0","0.0","--","0","0","0","--","0:00","0.0","0:00","No","36:18.19.3","1","0.0","00:00:00","00:36:18","1,739","1,747"
Ciclismo en sala,2022-07-13 08:41:17,false,"Ciclismo en sala","23.95","466","01:13:07","149","175","0","0","19.7","28.7","--","--","0.00","0.0","0.0","0","68","98","--","0.0","--","0","0","0.0","0.0","5009","0","0","0","--","0:00","0.0","0:00","No","01:13:06.95.2","1","0.0","01:13:03","01:13:17","--","--"
Ciclismo virtual,2022-07-13 08:39:31,false,"Indoor","28.98","378","01:16:22","--","--","0","0","22.8","56.9","262","--","0.00","0.0","0.0","0","66","98","95","0.0","98","87","178","0.0","0.0","--","0","0","0","--","0:00","0.0","0:00","No","01:16:21.62.4","1","0.0","01:14:34","01:16:23","10","121"
Caminar,2022-07-10 14:40:38,false,"Medellín Caminar","7.93","505","02:17:38","102","144","86","202","17:21","8:53","246","242","0.67","0.0","0.0","0","0","0","--","0.0","--","0","0","0.0","0.0","--","0","0","0","--","0:00","0.0","0:00","No","14:26.90.6","8","0.0","02:16:18","03:00:54","1,605","1,779"
Caminar,2022-07-08 21:23:10,false,"Medellín Caminar","0.74","64","00:14:24","126","157","83","159","19:30","14:24","53","--","0.62","0.0","0.0","0","0","0","--","0.0","--","0","0","0.0","0.0","--","0","0","0","--","0:00","0.0","0:00","No","14:23.57","1","0.0","00:14:17","00:14:29","1,639","1,695"
Ciclismo virtual,2022-07-08 11:15:06,false,"Indoor","23.21","265","00:57:35","--","--","0","0","24.2","43.6","131","--","0.00","0.0","0.0","0","76","116","88","0.0","91","80","233","0.0","0.0","--","0","0","0","--","0:00","0.0","0:00","No","57:35.00","1","0.0","00:57:29","00:57:35","41","71"
Ciclismo en sala,2022-07-08 11:14:57,false,"Ciclismo en sala","19.65","319","00:57:37","138","167","0","0","20.5","30.9","--","--","0.00","0.0","0.0","0","75","118","--","0.0","--","0","0","0.0","0.0","4366","0","0","0","--","0:00","0.0","0:00","No","57:36.90.4","1","0.0","00:57:29","00:57:37","--","--"
Entreno de fuerza,2022-07-07 17:30:00,false,"Fuerza","0.00","127","00:34:38","112","144","0","0","--","--","--","--","0.00","0.0","0.0","0","0","0","--","0.0","--","0","0","0.0","0.0","--","0","0","6","1","0:00","0.0","0:00","No","34:38.08.7","1","0.0","00:34:38","00:34:38","--","--"
Ciclismo en sala,2022-07-07 16:03:58,false,"Ciclismo en sala","20.84","355","00:58:53","143","168","0","0","21.2","31.4","--","--","0.00","0.0","0.0","0","72","111","--","0.0","--","0","0","0.0","0.0","4240","0","0","0","--","0:00","0.0","0:00","No","58:52.85","1","0.0","00:58:52","00:58:53","--","--"
Ciclismo virtual,2022-07-07 16:03:04,false,"Indoor","25.03","325","00:59:51","--","--","0","0","25.1","56.6","154","--","0.00","0.0","0.0","0","71","106","102","0.0","110","94","238","0.0","0.0","--","0","0","0","--","0:00","0.0","0:00","No","59:51.46","1","0.0","00:58:49","00:59:52","10","121"
Caminar,2022-07-03 19:39:02,false,"Medellín Caminar","2.09","101","00:36:10","89","124","92","188","17:18","10:49","6","139","0.63","0.0","0.0","0","0","0","--","0.0","--","0","0","0.0","0.0","--","0","0","0","--","0:00","0.0","0:00","No","01:35.64.6","3","0.0","00:35:53","00:37:24","1,628","1,774"
Caminar,2022-07-02 18:28:50,false,"Medellín Caminar","1.84","133","00:37:07","103","137","74","160","20:09","9:39","70","20","0.67","0.0","0.0","0","0","0","--","0.0","--","0","0","0.0","0.0","--","0","0","0","--","0:00","0.0","0:00","No","17:44.26.2","2","0.0","00:36:17","01:01:49","1,557","1,663"
Caminar,2022-07-02 14:34:22,false,"Medellín Caminar","2.11","119","00:42:05","92","125","64","159","19:59","10:42","20","4","0.79","0.0","0.0","0","0","0","--","0.0","--","0","0","0.0","0.0","--","0","0","0","--","0:00","0.0","0:00","No","01:56.16.1","3","0.0","00:41:44","00:47:07","1,489","1,506"
Ciclismo virtual,2022-06-30 14:39:57,false,"Indoor","36.15","593","01:47:53","--","--","0","0","20.1","59.6","721","--","0.00","0.0","0.0","0","64","118","105","0.0","114","95","300","0.0","0.0","--","0","0","0","--","0:00","0.0","0:00","No","01:47:52.99.9","1","0.0","01:47:51","01:47:53","-6","374"
Ciclismo en sala,2022-06-30 14:39:39,false,"Ciclismo en sala","30.20","623","01:46:29","144","173","0","0","17.0","31.2","--","--","0.00","0.0","0.0","0","64","121","--","0.0","--","0","0","0.0","0.0","6877","0","0","0","--","0:00","0.0","0:00","No","01:46:29.02.1","1","0.0","01:46:09","01:46:59","--","--"
Entreno de fuerza,2022-06-30 12:03:17,false,"Fuerza","0.00","75","00:31:21","92","110","0","0","--","--","--","--","0.00","0.0","0.0","0","0","0","--","0.0","--","0","0","0.0","0.0","--","0","0","16","1","0:00","0.0","0:00","No","31:20.97.8","1","0.0","00:31:21","00:31:21","--","--"
Carrera,2022-06-29 17:07:13,false,"Medellín Carrera","2.07","123","00:18:25","154","189","131","159","8:53","6:38","51","54","0.86","0.0","0.0","0","0","0","--","0.0","--","0","0","0.0","0.0","--","0","0","0","--","0:00","0.0","0:00","No","18:24.92.1","1","0.0","00:18:20","00:18:32","1,715","1,778"
Entreno de fuerza,2022-06-29 13:15:24,false,"Fuerza","0.00","183","00:42:30","119","155","0","0","--","--","--","--","0.00","0.0","0.0","0","0","0","--","0.0","--","0","0","0.0","0.0","--","0","0","4","1","0:00","0.0","0:00","No","42:30.08.7","1","0.0","00:42:30","00:42:30","--","--"
Entreno de fuerza,2022-06-28 11:24:34,false,"Fuerza","0.00","154","00:50:56","103","146","0","0","--","--","--","--","0.00","0.0","0.0","0","0","0","--","0.0","--","0","0","0.0","0.0","--","0","0","11","2","0:00","0.0","0:00","No","50:56.19.9","1","0.0","00:50:54","00:51:49","--","--"
Ciclismo,2022-06-27 07:00:32,false,"Medellín Ciclismo","79.11","1,414","04:06:00","149","191","0","0","19.3","50.8","639","638","0.00","0.0","0.0","0","0","0","--","0.0","--","0","0","0.0","0.0","--","0","0","0","--","0:00","0.0","0:00","No","04:06:00.45.9","1","0.0","03:52:48","05:39:10","1,338","1,703"
Caminar,2022-06-26 18:16:57,false,"Medellín Caminar","0.44","45","00:10:23","112","132","97","160","23:45","9:30","50","--","0.43","0.0","0.0","0","0","0","--","0.0","--","0","0","0.0","0.0","--","0","0","0","--","0:00","0.0","0:00","No","10:23.33.5","1","0.0","00:10:08","00:11:53","1,805","1,867"
Entreno de fuerza,2022-06-25 11:43:42,false,"Fuerza","0.00","99","00:30:13","104","129","0","0","--","--","--","--","0.00","0.0","0.0","0","0","0","--","0.0","--","0","0","0.0","0.0","--","0","0","14","1","0:00","0.0","0:00","No","30:13.09.4","1","0.0","00:30:13","00:30:13","--","--"
Ciclismo,2022-06-25 07:38:45,false,"Medellín Ciclismo","25.59","871","02:00:31","168","188","0","0","12.7","44.0","802","807","0.00","0.0","0.0","0","0","0","--","0.0","--","0","0","0.0","0.0","--","0","0","0","--","0:00","0.0","0:00","No","02:00:31.33.5","1","0.0","01:59:32","02:53:41","1,728","2,491"
Caminar,2022-06-24 20:44:09,false,"Medellín Caminar","0.98","72","00:16:51","112","132","87","160","17:13","5:32","57","--","0.67","0.0","0.0","0","0","0","--","0.0","--","0","0","0.0","0.0","--","0","0","0","--","0:00","0.0","0:00","No","16:51.21.9","1","0.0","00:16:44","00:16:58","1,870","1,928"
Caminar,2022-06-24 19:32:53,false,"Medellín Caminar","1.03","46","00:16:21","84","95","92","156","15:56","10:09","--","64","0.71","0.0","0.0","0","0","0","--","0.0","--","0","0","0.0","0.0","--","0","0","0","--","0:00","0.0","0:00","No","00:13.60.4","2","0.0","00:16:12","00:16:29","1,874","1,943"
Entreno de fuerza,2022-06-24 14:19:26,false,"Fuerza","0.00","75","00:16:00","120","141","0","0","--","--","--","--","0.00","0.0","0.0","0","0","0","--","0.0","--","0","0","0.0","0.0","--","0","0","8","1","0:00","0.0","0:00","No","15:59.64.1","1","0.0","00:16:00","00:16:00","--","--"
Entreno de fuerza,2022-06-24 13:10:22,false,"Fuerza","0.00","89","00:31:12","99","121","0","0","--","--","--","--","0.00","0.0","0.0","0","0","0","--","0.0","--","0","0","0.0","0.0","--","0","0","6","1","0:00","0.0","0:00","No","31:11.63.3","1","0.0","00:31:12","00:31:12","--","--"
Ciclismo virtual,2022-06-23 16:05:11,false,"Indoor","15.05","180","00:36:02","--","--","0","0","25.1","43.9","61","--","0.00","0.0","0.0","0","73","89","90","0.0","92","87","152","0.0","0.0","--","0","0","0","--","0:00","0.0","0:00","No","36:01.99.9","1","0.0","00:35:56","00:36:01","-6","16"
Ciclismo en sala,2022-06-23 16:05:05,false,"Ciclismo en sala","12.89","238","00:36:04","143","156","0","0","21.4","26.0","--","--","0.00","0.0","0.0","0","72","91","--","0.0","--","0","0","0.0","0.0","2631","0","0","0","--","0:00","0.0","0:00","No","36:04.04.1","1","0.0","00:36:02","00:36:06","--","--"
Entreno de fuerza,2022-06-23 15:14:38,false,"Fuerza","0.00","101","00:29:28","107","135","0","0","--","--","--","--","0.00","0.0","0.0","0","0","0","--","0.0","--","0","0","0.0","0.0","--","0","0","11","2","0:00","0.0","0:00","No","29:28.45.8","1","0.0","00:29:25","00:34:08","--","--"
Ciclismo virtual,2022-06-22 11:27:26,false,"Indoor","21.09","244","00:51:45","--","--","0","0","24.4","46.2","122","--","0.00","0.0","0.0","0","74","124","91","0.0","95","82","218","0.0","0.0","--","0","0","0","--","0:00","0.0","0:00","No","00:10.00","15","0.0","00:51:04","00:51:45","-6","23"
Ciclismo en sala,2022-06-22 11:27:20,false,"Ciclismo en sala","17.53","285","00:50:34","138","160","0","0","20.8","29.0","--","--","0.00","0.0","0.0","0","75","146","--","0.0","--","0","0","0.0","0.0","3814","0","0","0","--","0:00","0.0","0:00","No","50:33.69.1","1","0.0","00:50:14","00:51:50","--","--"
Entreno de fuerza,2022-06-22 09:52:50,false,"Fuerza","0.00","170","00:47:08","113","168","0","0","--","--","--","--","0.00","0.0","0.0","0","0","0","--","0.0","--","0","0","0.0","0.0","--","0","0","6","1","0:00","0.0","0:00","No","47:07.74.8","1","0.0","00:47:08","00:47:08","--","--"
Ciclismo virtual,2022-06-21 12:32:43,false,"Indoor","31.10","353","01:08:43","--","--","0","0","27.2","40.4","151","--","0.00","0.0","0.0","0","78","119","95","0.0","101","89","249","0.0","0.0","--","0","0","0","--","0:00","0.0","0:00","No","01:08:43.05.3","1","0.0","01:08:31","01:08:42","122","132"
Ciclismo en sala,2022-06-21 12:32:36,false,"Ciclismo en sala","25.00","440","01:08:18","146","176","0","0","22.0","32.1","--","--","0.00","0.0","0.0","0","79","127","--","0.0","--","0","0","0.0","0.0","5402","0","0","0","--","0:00","0.0","0:00","No","01:08:18.33.5","1","0.0","01:08:16","01:08:36","--","--"
Entreno de fuerza,2022-06-21 11:12:16,false,"Fuerza","0.00","194","00:48:34","118","159","0","0","--","--","--","--","0.00","0.0","0.0","0","0","0","--","0.0","--","0","0","0.0","0.0","--","0","0","6","1","0:00","0.0","0:00","No","48:33.59.2","1","0.0","00:48:34","00:48:34","--","--"
Ciclismo virtual,2022-06-16 13:31:49,false,"Indoor","23.06","278","00:55:30","--","--","0","0","24.9","51.7","140","--","0.00","0.0","0.0","0","72","106","90","0.0","92","87","200","0.0","0.0","--","0","0","0","--","0:00","0.0","0:00","No","55:30.00","1","0.0","00:55:25","00:55:29","122","197"
Ciclismo en sala,2022-06-16 13:31:41,false,"Ciclismo en sala","19.29","350","00:55:29","144","163","0","0","20.9","30.5","--","--","0.00","0.0","0.0","0","71","109","--","0.0","--","0","0","0.0","0.0","3985","0","0","0","--","0:00","0.0","0:00","No","55:28.90.6","1","0.0","00:55:24","00:55:37","--","--"
Entreno de fuerza,2022-06-16 12:42:56,false,"Fuerza","0.00","157","00:34:25","122","161","0","0","--","--","--","--","0.00","0.0","0.0","0","0","0","--","0.0","--","0","0","0.0","0.0","--","0","0","15","1","0:00","0.0","0:00","No","34:25.29.5","1","0.0","00:34:25","00:34:25","--","--"
Ciclismo virtual,2022-06-15 12:32:41,false,"Indoor","25.14","286","00:58:41","--","--","0","0","25.7","45.8","135","--","0.00","0.0","0.0","0","71","98","92","0.0","93","87","174","0.0","0.0","--","0","0","0","--","0:00","0.0","0:00","No","58:40.83.9","1","0.0","00:56:33","00:58:44","122","142"
Ciclismo en sala,2022-06-15 12:32:34,false,"Ciclismo en sala","20.22","355","00:56:43","142","159","0","0","21.4","27.2","--","--","0.00","0.0","0.0","0","73","100","--","0.0","--","0","0","0.0","0.0","4153","0","0","0","--","0:00","0.0","0:00","No","56:42.85.1","1","0.0","00:56:37","00:58:50","--","--"
Entreno de fuerza,2022-06-15 11:39:56,false,"Fuerza","0.00","90","00:34:18","95","121","0","0","--","--","--","--","0.00","0.0","0.0","0","0","0","--","0.0","--","0","0","0.0","0.0","--","0","0","0","--","0:00","0.0","0:00","No","34:18.05.5","1","0.0","00:34:18","00:34:18","--","--"
Entreno de fuerza,2022-06-15 10:34:32,false,"Fuerza","0.00","20","00:06:20.9","101","117","0","0","--","--","--","--","0.00","0.0","0.0","0","0","0","--","0.0","--","0","0","0.0","0.0","--","0","0","4","1","0:00","0.0","0:00","No","06:20.94","1","0.0","00:06:18.9","00:37:35","--","--"
Ciclismo en sala,2022-06-14 13:14:33,false,"Ciclismo en sala","20.19","364","01:00:32","140","163","0","0","20.0","27.9","--","--","0.00","0.0","0.0","0","68","110","--","0.0","--","0","0","0.0","0.0","4115","0","0","0","--","0:00","0.0","0:00","No","01:00:31.87.5","1","0.0","01:00:24","01:03:21","--","--"
Ciclismo virtual,2022-06-14 13:14:16,false,"Indoor","24.05","305","01:03:49","--","--","0","0","22.6","52.5","206","--","0.00","0.0","0.0","0","65","105","93","0.0","103","86","195","0.0","0.0","--","0","0","0","--","0:00","0.0","0:00","No","01:03:49.11.2","1","0.0","01:00:41","01:03:48","-6","132"
Entreno de fuerza,2022-06-14 11:53:12,false,"Fuerza","0.00","132","00:35:21","112","159","0","0","--","--","--","--","0.00","0.0","0.0","0","0","0","--","0.0","--","0","0","0.0","0.0","--","0","0","5","1","0:00","0.0","0:00","No","35:21.01.8","1","0.0","00:35:21","00:35:21","--","--"
Ciclismo,2022-06-12 07:19:05,false,"Rionegro Ciclismo","67.65","1,502","03:32:33","167","187","0","0","19.1","51.1","806","800","0.00","0.0","0.0","0","0","0","--","0.0","--","0","0","0.0","0.0","--","0","0","0","--","0:00","0.0","0:00","No","03:32:33.45.2","1","0.0","03:31:53","05:38:20","2,082","2,485"
Ciclismo virtual,2022-06-10 11:11:51,false,"Indoor","26.20","429","01:19:48","--","--","0","0","19.7","63.7","510","--","0.00","0.0","0.0","0","67","102","102","0.0","109","94","204","0.0","0.0","--","0","0","0","--","0:00","0.0","0:00","No","01:19:47.60.2","1","0.0","01:19:40","01:19:47","97","183"
Ciclismo en sala,2022-06-10 11:11:41,false,"Ciclismo en sala","21.41","497","01:14:16","152","174","0","0","17.3","28.6","--","--","0.00","0.0","0.0","0","69","102","--","0.0","--","0","0","0.0","0.0","5141","0","0","0","--","0:00","0.0","0:00","No","01:14:16.17.1","1","0.0","01:14:13","01:19:53","--","--"
Ciclismo virtual,2022-06-09 11:03:30,false,"indoor","35.12","413","01:16:15","--","--","0","0","27.6","50.5","157","--","0.00","0.0","0.0","0","75","112","100","0.0","107","94","290","0.0","0.0","--","0","0","0","--","0:00","0.0","0:00","No","01:16:15.15.9","1","0.0","01:15:47","01:16:14","-6","28"
Ciclismo en sala,2022-06-09 11:03:21,false,"Ciclismo en sala","28.04","462","01:16:02","144","166","0","0","22.1","32.6","--","--","0.00","0.0","0.0","0","75","120","--","0.0","--","0","0","0.0","0.0","5684","0","0","0","--","0:00","0.0","0:00","No","01:16:02.27.6","1","0.0","01:15:35","01:16:30","--","--"
Ciclismo virtual,2022-06-08 15:11:31,false,"Indoor","21.06","231","00:46:18","--","--","0","0","27.3","35.4","32","--","0.00","0.0","0.0","0","75","102","92","0.0","95","87","204","0.0","0.0","--","0","0","0","--","0:00","0.0","0:00","No","46:17.99.9","1","0.0","00:46:13","00:46:17","13","18"
Ciclismo en sala,2022-06-08 15:11:18,false,"Ciclismo en sala","17.02","269","00:46:26","135","160","0","0","22.0","30.2","--","--","0.00","0.0","0.0","0","75","103","--","0.0","--","0","0","0.0","0.0","3470","0","0","0","--","0:00","0.0","0:00","No","46:25.77.8","1","0.0","00:46:16","00:46:26","--","--"
Ciclismo,2022-06-05 06:57:20,false,"Medellín Ciclismo","23.54","795","01:51:29","166","186","0","0","12.7","44.1","751","767","0.00","0.0","0.0","0","0","0","--","0.0","--","0","0","0.0","0.0","--","0","0","0","--","0:00","0.0","0:00","No","01:51:28.59.9","1","0.0","01:50:54","02:31:04","1,821","2,583"
Ciclismo virtual,2022-06-03 09:37:30,false,"indoor","23.17","279","00:50:57","--","--","0","0","27.3","53.8","163","--","0.00","0.0","0.0","0","74","98","101","0.0","105","95","221","0.0","0.0","--","0","0","0","--","0:00","0.0","0:00","No","50:56.99.9","1","0.0","00:50:53","00:50:56","125","200"
Ciclismo en sala,2022-06-03 09:37:24,false,"Ciclismo en sala","18.48","324","00:51:00","146","168","0","0","21.7","27.7","--","--","0.00","0.0","0.0","0","73","96","--","0.0","--","0","0","0.0","0.0","3767","0","0","0","--","0:00","0.0","0:00","No","51:00.25.1","1","0.0","00:51:00","00:51:00","--","--"
Ciclismo virtual,2022-06-02 09:48:16,false,"Indoor","30.21","557","01:32:44","--","--","0","0","19.5","83.1","682","--","0.00","0.0","0.0","0","64","104","111","0.0","120","104","205","0.0","0.0","--","0","0","0","--","0:00","0.0","0:00","No","01:32:44.00","1","0.0","01:32:37","01:32:42","-6","516"
Ciclismo en sala,2022-06-02 09:35:45,false,"Ciclismo en sala","29.75","642","01:41:59","150","172","0","0","17.5","29.9","--","--","0.00","0.0","0.0","0","64","104","--","0.0","--","0","0","0.0","0.0","6613","0","0","0","--","0:00","0.0","0:00","No","01:41:58.97.1","1","0.0","01:41:49","01:45:11","--","--"
Ciclismo virtual,2022-06-02 09:35:29,false,"Zwift - Climber's Gambit in Watopia","3.76","49","00:09:59","--","--","0","0","22.6","48.1","46","--","0.00","0.0","0.0","0","64","92","90","0.0","--","85","206","0.0","0.0","--","0","0","0","--","0:00","0.0","0:00","No","09:59.00","1","0.0","00:09:54","00:09:58","1","23"
Ciclismo virtual,2022-06-01 11:55:31,false,"Indoor","31.49","412","01:15:30","--","--","0","0","25.0","51.8","377","--","0.00","0.0","0.0","0","68","119","103","0.0","112","95","263","0.0","0.0","--","0","0","0","--","0:00","0.0","0:00","No","01:15:30.27.4","1","0.0","01:15:25","01:15:30","-6","132"
Ciclismo en sala,2022-06-01 11:55:30,false,"Ciclismo en sala","25.38","429","01:15:14","139","172","0","0","20.2","33.4","--","--","0.00","0.0","0.0","0","68","119","--","0.0","--","0","0","0.0","0.0","5164","0","0","0","--","0:00","0.0","0:00","No","01:15:14.49.3","1","0.0","01:15:12","01:15:14","--","--"
Ciclismo,2022-05-28 06:39:21,false,"Rionegro Ciclismo","60.73","1,229","02:49:19","164","187","0","0","21.5","49.9","561","565","0.00","0.0","0.0","0","0","0","--","0.0","--","0","0","0.0","0.0","--","0","0","0","--","0:00","0.0","0:00","No","02:49:18.94.6","1","0.0","02:49:01","03:36:54","2,074","2,485"
Ciclismo virtual,2022-05-26 18:34:00,false,"Indoor","19.16","280","00:56:10","--","--","0","0","20.5","72.0","234","--","0.00","0.0","0.0","0","64","130","101","0.0","109","89","220","0.0","0.0","--","0","0","0","--","0:00","0.0","0:00","No","56:09.84.9","1","0.0","00:53:21","00:56:09","3","156"
Ciclismo en sala,2022-05-26 18:33:49,false,"Ciclismo en sala","16.33","332","00:53:24","144","168","0","0","18.3","33.4","--","--","0.00","0.0","0.0","0","66","139","--","0.0","--","0","0","0.0","0.0","3543","0","0","0","--","0:00","0.0","0:00","No","53:24.28.5","1","0.0","00:53:13","00:56:06","--","--"
Caminar,2022-05-26 07:51:20,false,"Medellín Caminar","2.39","114","00:29:21","111","123","106","127","12:17","3:12","4","11","0.77","0.0","0.0","0","0","0","--","0.0","--","0","0","0.0","0.0","--","0","0","0","--","0:00","0.0","0:00","No","03:23.82.2","3","0.0","00:29:11","00:30:50","1,505","1,524"
Ciclismo en sala,2022-05-25 17:13:36,false,"Ciclismo en sala","15.55","321","00:44:36","153","171","0","0","20.9","28.7","--","--","0.00","0.0","0.0","0","72","175","--","0.0","--","0","0","0.0","0.0","3236","0","0","0","--","0:00","0.0","0:00","No","44:35.95.9","1","0.0","00:44:33","00:44:52","--","--"
Ciclismo virtual,2022-05-25 17:13:30,false,"Indoor","18.66","270","00:44:55","--","--","0","0","24.9","53.2","247","--","0.00","0.0","0.0","0","72","116","110","0.0","111","104","238","0.0","0.0","--","0","0","0","--","0:00","0.0","0:00","No","44:55.37","1","0.0","00:44:43","00:45:00","-6","83"
Ciclismo,2022-05-22 11:48:06,false,"Envigado Ciclismo","11.71","107","00:19:51","129","159","0","0","35.4","48.9","--","749","0.00","0.0","0.0","0","0","0","--","0.0","--","0","0","0.0","0.0","--","0","0","0","--","0:00","0.0","0:00","No","19:51.32.8","1","0.0","00:19:32","00:23:05","1,732","2,482"
Ciclismo,2022-05-22 05:36:42,false,"Medellín Ciclismo","41.01","1,532","03:12:55","171","191","0","0","12.8","41.6","1,113","377","0.00","0.0","0.0","0","0","0","--","0.0","--","0","0","0.0","0.0","--","0","0","0","--","0:00","0.0","0:00","No","03:12:54.62.4","1","0.0","03:11:05","05:34:02","1,473","2,474"
Ciclismo en sala,2022-05-21 12:21:05,false,"Ciclismo en sala","16.95","288","00:47:14","141","164","0","0","21.5","32.0","--","--","0.00","0.0","0.0","0","59","88","--","0.0","--","0","0","0.0","0.0","2811","0","0","0","--","0:00","0.0","0:00","No","47:13.85","1","0.0","00:47:12","00:47:14","--","--"
Ciclismo virtual,2022-05-21 12:13:23,false,"Indoor","20.27","241","00:55:01","--","--","0","0","22.1","43.4","85","--","0.00","0.0","0.0","0","54","88","94","0.0","94","81","228","0.0","0.0","--","0","0","0","--","0:00","0.0","0:00","No","55:01.32.2","1","0.0","00:48:32","00:55:01","-6","16"
Caminar,2022-05-20 19:52:30,false,"Medellín Caminar","0.55","51","00:11:38","122","143","72","159","21:12","14:24","47","--","0.66","0.0","0.0","0","0","0","--","0.0","--","0","0","0.0","0.0","--","0","0","0","--","0:00","0.0","0:00","No","11:38.32.8","1","0.0","00:11:35","00:11:38","1,685","1,733"
Caminar,2022-05-19 15:38:38,false,"Medellín Caminar","0.75","65","00:12:49","133","149","73","157","17:02","10:16","53","--","0.80","0.0","0.0","0","0","0","--","0.0","--","0","0","0.0","0.0","--","0","0","0","--","0:00","0.0","0:00","No","12:49.38.8","1","0.0","00:12:28","00:15:07","1,701","1,789"
Entreno de fuerza,2022-05-18 18:05:29,false,"Fuerza","0.00","139","00:27:59","123","180","0","0","--","--","--","--","0.00","0.0","0.0","0","0","0","--","0.0","--","0","0","0.0","0.0","--","0","0","4","1","0:00","0.0","0:00","No","27:59.15.7","1","0.0","00:27:59","00:27:59","--","--"
Ciclismo virtual,2022-05-18 16:50:09,false,"Indoor","29.69","362","01:03:22","--","--","0","0","28.1","53.3","137","--","0.00","0.0","0.0","0","70","110","104","0.0","106","99","283","0.0","0.0","--","0","0","0","--","0:00","0.0","0:00","No","01:03:21.95.4","1","0.0","01:03:11","01:03:21","-6","28"
Ciclismo en sala,2022-05-18 16:49:55,false,"Ciclismo en sala","23.97","443","01:03:23","149","174","0","0","22.7","32.7","--","--","0.00","0.0","0.0","0","69","112","--","0.0","--","0","0","0.0","0.0","4419","0","0","0","--","0:00","0.0","0:00","No","01:03:22.64.2","1","0.0","01:03:16","01:03:25","--","--"
Ciclismo,2022-05-16 10:01:25,false,"Medellín Ciclismo","15.23","550","01:12:05","170","191","0","0","12.7","47.1","466","465","0.00","0.0","0.0","0","0","0","--","0.0","--","0","0","0.0","0.0","--","0","0","0","--","0:00","0.0","0:00","No","01:12:04.81.6","1","0.0","01:11:33","01:22:25","1,658","2,132"
Ciclismo en sala,2022-05-13 14:56:31,false,"Ciclismo en sala","18.05","281","00:55:37","128","151","0","0","19.5","35.6","--","--","0.00","0.0","0.0","0","55","130","--","0.0","--","0","0","0.0","0.0","3106","0","0","0","--","0:00","0.0","0:00","No","55:36.78.7","1","0.0","00:55:21","01:23:34","--","--"
Ciclismo en sala,2022-05-12 18:42:05,false,"Ciclismo en sala","18.72","319","00:51:49","141","158","0","0","21.7","30.5","--","--","0.00","0.0","0.0","0","61","96","--","0.0","--","0","0","0.0","0.0","3200","0","0","0","--","0:00","0.0","0:00","No","51:48.71","1","0.0","00:51:37","00:52:05","--","--"
Ciclismo,2022-05-11 09:51:54,false,"Medellín Ciclismo","23.62","850","01:55:22","169","191","0","0","12.3","46.8","762","753","0.00","0.0","0.0","0","0","0","--","0.0","--","0","0","0.0","0.0","--","0","0","0","--","0:00","0.0","0:00","No","01:55:22.09.1","1","0.0","01:54:58","02:35:08","1,729","2,502"
Ciclismo en sala,2022-05-10 07:26:21,false,"Ciclismo en sala","19.91","410","00:58:49","149","169","0","0","20.3","29.9","--","--","0.00","0.0","0.0","0","64","95","--","0.0","--","0","0","0.0","0.0","3804","0","0","0","--","0:00","0.0","0:00","No","58:48.68.3","1","0.0","00:58:47","00:58:49","--","--"
Ciclismo virtual,2022-05-10 07:26:06,false,"Indoor","25.11","321","00:59:09","--","--","0","0","25.5","55.0","291","--","0.00","0.0","0.0","0","64","95","99","0.0","102","94","214","0.0","0.0","--","0","0","0","--","0:00","0.0","0:00","No","59:08.99.9","1","0.0","00:59:05","00:59:08","-6","83"
Ciclismo,2022-05-04 19:47:11,false,"Medellín Ciclismo","11.79","418","00:50:12","176","193","0","0","14.1","46.0","330","352","0.00","0.0","0.0","0","0","0","--","0.0","--","0","0","0.0","0.0","--","0","0","0","--","0:00","0.0","0:00","No","50:11.89.1","1","0.0","00:49:54","01:00:02","1,712","2,068"
Caminar,2022-05-03 18:51:34,false,"Medellín Caminar","0.69","55","00:11:40","121","144","93","156","17:01","13:26","53","--","0.63","0.0","0.0","0","0","0","--","0.0","--","0","0","0.0","0.0","--","0","0","0","--","0:00","0.0","0:00","No","11:40.22.3","1","0.0","00:11:32","00:11:45","1,635","1,725"
Ciclismo,2022-04-30 06:30:13,false,"Medellín Ciclismo","31.47","1,158","02:24:14","172","194","0","0","13.1","46.0","949","961","0.00","0.0","0.0","0","0","0","--","0.0","--","0","0","0.0","0.0","--","0","0","0","--","0:00","0.0","0:00","No","02:24:13.84.3","1","0.0","02:23:36","04:02:15","1,485","2,445"
Caminar,2022-04-29 18:31:02,false,"Medellín Caminar","0.65","51","00:09:56.3","129","146","71","160","15:20","6:51","49","2","0.91","0.0","0.0","0","0","0","--","0.0","--","0","0","0.0","0.0","--","0","0","0","--","0:00","0.0","0:00","No","09:56.33.6","1","0.0","00:09:46","00:13:36","1,642","1,730"
Ciclismo en sala,2022-04-29 10:17:55,false,"Ciclismo en sala","13.42","304","00:40:06","154","175","0","0","20.1","32.6","--","--","0.00","0.0","0.0","0","60","111","--","0.0","--","0","0","0.0","0.0","2435","0","0","0","--","0:00","0.0","0:00","No","40:05.85.6","1","0.0","00:40:01","00:40:06","--","--"
Ciclismo virtual,2022-04-29 10:17:40,false,"Indoor","15.79","215","00:39:44","--","--","0","0","23.8","53.8","177","--","0.00","0.0","0.0","0","60","91","102","0.0","103","94","273","0.0","0.0","--","0","0","0","--","0:00","0.0","0:00","No","39:44.45.8","1","0.0","00:39:38","00:40:30","2","132"
Caminar,2022-04-28 17:46:29,false,"Medellín Caminar","4.67","71","00:23:03","99","123","82","183","4:56","0:43","20","31","3.26","0.0","0.0","0","0","0","--","0.0","--","0","0","0.0","0.0","--","0","0","0","--","0:00","0.0","0:00","No","01:07.08.1","5","0.0","00:22:40","00:41:38","1,537","1,558"
Caminar,2022-04-28 16:12:35,false,"Medellín Caminar","1.28","68","00:20:55","105","135","74","209","16:20","8:53","7","--","0.94","0.0","0.0","0","0","0","--","0.0","--","0","0","0.0","0.0","--","0","0","0","--","0:00","0.0","0:00","No","04:55.88.6","2","0.0","00:20:44","00:21:27","1,547","1,557"
Ciclismo,2022-04-26 06:44:42,false,"Medellín Ciclismo","8.80","298","00:40:37","164","190","0","0","13.0","37.4","243","241","0.00","0.0","0.0","0","0","0","--","0.0","--","0","0","0.0","0.0","--","0","0","0","--","0:00","0.0","0:00","No","40:37.00.2","1","0.0","00:39:57","00:57:46","1,696","1,947"
Ciclismo virtual,2022-04-25 11:18:27,false,"Zwift - Volcano Circuit in Watopia","5.71","59","00:13:28","--","--","0","0","25.4","41.5","28","--","0.00","0.0","0.0","0","55","73","83","0.0","--","76","171","0.0","0.0","--","0","0","0","--","0:00","0.0","0:00","No","13:28.00","1","0.0","00:13:23","00:13:27","2","15"
Caminar,2022-04-24 08:56:52,false,"Medellín Caminar","3.81","220","01:15:28","91","131","66","160","19:48","9:36","80","98","0.83","0.0","0.0","0","0","0","--","0.0","--","0","0","0.0","0.0","--","0","0","0","--","0:00","0.0","0:00","No","16:11.00.7","4","0.0","01:14:33","01:44:49","1,714","1,813"
Ciclismo,2022-04-11 12:30:09,false,"Bogotá, D.C. Ciclismo","9.14","210","00:27:35","157","183","0","0","19.9","33.8","19","16","0.00","0.0","0.0","0","0","0","--","0.0","--","0","0","0.0","0.0","--","0","0","0","--","0:00","0.0","0:00","No","27:35.25.3","1","0.0","00:27:03","00:33:48","2,580","2,596"
Caminar,2022-04-06 19:16:38,false,"Medellín Caminar","3.12","117","00:42:09","98","125","33","146","13:32","9:42","4","15","6.26","0.0","0.0","0","0","0","--","0.0","--","0","0","0.0","0.0","--","0","0","0","--","0:00","0.0","0:00","No","01:11.58.3","4","0.0","00:41:54","00:43:33","1,521","1,532"
Caminar,2022-04-03 15:00:55,false,"Medellín Caminar","1.27","86","00:26:08","98","128","80","159","20:35","14:04","31","22","0.61","0.0","0.0","0","0","0","--","0.0","--","0","0","0.0","0.0","--","0","0","0","--","0:00","0.0","0:00","No","05:16.17.4","2","0.0","00:25:44","00:33:05","1,757","1,784"
Caminar,2022-04-02 19:04:25,false,"Medellín Caminar","0.91","69","00:21:07","97","131","74","163","23:05","8:03","31","21","0.59","0.0","0.0","0","0","0","--","0.0","--","0","0","0.0","0.0","--","0","0","0","--","0:00","0.0","0:00","No","21:07.35.2","1","0.0","00:20:27","00:35:00","1,763","1,795"
Caminar,2022-04-01 13:56:30,false,"Medellín Caminar","1.27","68","00:21:07","105","153","85","122","16:38","10:16","23","47","0.73","0.0","0.0","0","0","0","--","0.0","--","0","0","0.0","0.0","--","0","0","0","--","0:00","0.0","0:00","No","04:59.72.5","2","0.0","00:21:01","00:22:57","1,604","1,639"
Caminar,2022-03-30 15:27:09,false,"Medellín Caminar","0.86","48","00:15:18","96","114","79","158","17:51","12:09","11","2","0.71","0.0","0.0","0","0","0","--","0.0","--","0","0","0.0","0.0","--","0","0","0","--","0:00","0.0","0:00","No","15:17.76.5","1","0.0","00:15:13","05:44:25","1,544","1,787"
Caminar,2022-03-30 14:36:53,false,"Medellín Caminar","0.81","48","00:15:13","101","131","83","237","18:46","12:14","11","14","0.64","0.0","0.0","0","0","0","--","0.0","--","0","0","0.0","0.0","--","0","0","0","--","0:00","0.0","0:00","No","15:12.53.1","1","0.0","00:14:46","00:30:31","1,531","1,542"
Caminar,2022-03-28 12:25:24,false,"Medellín Caminar","3.18","164","00:51:06","85","129","68","157","16:03","9:39","26","8","0.98","0.0","0.0","0","0","0","--","0.0","--","0","0","0.0","0.0","--","0","0","0","--","0:00","0.0","0:00","No","02:40.94.2","4","0.0","00:50:33","00:58:34","1,483","1,512"
Caminar,2022-03-26 14:32:52,false,"Envigado Caminar","2.84","123","00:47:31","86","133","59","159","16:43","9:07","14","30","1.29","0.0","0.0","0","0","0","--","0.0","--","0","0","0.0","0.0","--","0","0","0","--","0:00","0.0","0:00","No","11:58.07.2","3","0.0","00:47:06","00:51:36","1,576","1,612"
Caminar,2022-03-26 12:00:55,false,"Envigado Caminar","1.08","63","00:18:13","88","104","78","116","16:47","12:40","25","7","0.76","0.0","0.0","0","0","0","--","0.0","--","0","0","0.0","0.0","--","0","0","0","--","0:00","0.0","0:00","No","01:19.89.3","2","0.0","00:18:01","00:18:32","1,585","1,615"
Caminar,2022-03-26 10:40:54,false,"Envigado Caminar","1.92","93","00:33:33","86","123","53","145","17:28","10:16","36","10","1.77","0.0","0.0","0","0","0","--","0.0","--","0","0","0.0","0.0","--","0","0","0","--","0:00","0.0","0:00","No","15:53.76","2","0.0","00:33:19","00:35:48","1,548","1,585"
Caminar,2022-03-24 19:53:20,false,"Bogotá, D.C. Caminar","1.75","75","00:24:03","104","128","53","150","13:42","9:27","2","11","2.17","0.0","0.0","0","0","0","--","0.0","--","0","0","0.0","0.0","--","0","0","0","--","0:00","0.0","0:00","No","11:20.66.6","2","0.0","00:23:56","00:24:55","2,577","2,586"
Ciclismo virtual,2022-03-23 19:37:57,false,"Indoor","28.65","338","01:02:28","--","--","0","0","27.5","43.9","76","--","0.00","0.0","0.0","0","82","141","103","0.0","104","94","356","0.0","0.0","--","0","0","0","--","0:00","0.0","0:00","No","00:15.00","63","0.0","01:02:23","01:02:27","11","31"
Ciclismo en sala,2022-03-23 19:37:09,false,"Ciclismo en sala","24.96","428","01:02:27","150","171","0","0","24.0","36.1","--","--","0.00","0.0","0.0","0","82","208","--","0.0","--","0","0","0.0","0.0","5130","0","0","0","--","0:00","0.0","0:00","No","01:02:26.60.1","1","0.0","01:02:11","01:03:13","--","--"
Ciclismo virtual,2022-03-22 20:03:00,false,"Indoor","24.46","341","01:00:15","--","--","0","0","24.4","66.3","198","--","0.00","0.0","0.0","0","81","132","104","0.0","110","98","304","0.0","0.0","--","0","0","0","--","0:00","0.0","0:00","No","00:14.00","31","0.0","01:00:05","01:00:14","4","65"
Ciclismo en sala,2022-03-22 20:02:59,false,"Ciclismo en sala","25.70","461","01:00:14","164","180","0","0","25.6","36.4","--","--","0.00","0.0","0.0","0","81","140","--","0.0","--","0","0","0.0","0.0","4826","0","0","0","--","0:00","0.0","0:00","No","01:00:13.77.7","1","0.0","00:59:32","01:00:15","--","--"
Caminar,2022-03-21 19:28:22,false,"Bogotá, D.C. Caminar","1.88","100","00:31:10","110","128","93","165","16:33","6:34","5","10","0.65","0.0","0.0","0","0","0","--","0.0","--","0","0","0.0","0.0","--","0","0","0","--","0:00","0.0","0:00","No","13:31.31","2","0.0","00:31:00","00:31:44","2,570","2,580"
Caminar,2022-03-21 17:32:52,false,"Bogotá, D.C. Caminar","3.47","181","00:57:45","105","133","92","154","16:39","10:57","19","13","0.65","0.0","0.0","0","0","0","--","0.0","--","0","0","0.0","0.0","--","0","0","0","--","0:00","0.0","0:00","No","08:53.77.5","4","0.0","00:57:18","01:29:58","2,574","2,589"
Caminar,2022-03-21 16:18:22,false,"Bogotá, D.C. Caminar","2.92","127","00:45:34","105","129","49","139","15:35","9:12","11","10","1.40","0.0","0.0","0","0","0","--","0.0","--","0","0","0.0","0.0","--","0","0","0","--","0:00","0.0","0:00","No","13:44.86.1","3","0.0","00:45:18","00:46:43","2,570","2,607"
Caminar,2022-03-21 15:12:25,false,"Bogotá, D.C. Caminar","1.93","100","00:28:52","110","130","65","120","14:58","8:23","22","8","1.19","0.0","0.0","0","0","0","--","0.0","--","0","0","0.0","0.0","--","0","0","0","--","0:00","0.0","0:00","No","13:17.55.2","2","0.0","00:28:41","00:32:39","2,595","2,617"
Ciclismo virtual,2022-03-21 11:01:20,false,"Indoor","43.06","493","01:30:19","--","--","0","0","28.6","49.1","203","--","0.00","0.0","0.0","0","74","124","101","0.0","104","95","293","0.0","0.0","--","0","0","0","--","0:00","0.0","0:00","No","00:11.00","64","0.0","01:30:04","01:30:19","10","34"
Ciclismo en sala,2022-03-21 11:00:09,false,"Ciclismo en sala","38.19","547","01:30:56","146","170","0","0","25.2","36.8","--","--","0.00","0.0","0.0","0","74","152","--","0.0","--","0","0","0.0","0.0","6701","0","0","0","--","0:00","0.0","0:00","No","01:30:55.90.8","1","0.0","01:30:13","01:31:23","--","--"
Caminar,2022-03-20 18:13:43,false,"Chía Caminar","1.85","96","00:32:16","103","122","83","119","17:25","13:44","2","2","0.70","0.0","0.0","0","0","0","--","0.0","--","0","0","0.0","0.0","--","0","0","0","--","0:00","0.0","0:00","No","14:32.13.8","2","0.0","00:32:04","00:32:34","2,605","2,608"
Ciclismo,2022-03-20 07:21:13,false,"Chía Ciclismo","49.59","1,194","03:18:54","158","191","0","0","15.0","45.7","787","777","0.00","0.0","0.0","0","0","0","--","0.0","--","0","0","0.0","0.0","--","0","0","0","--","0:00","0.0","0:00","No","03:18:53.85.9","1","0.0","03:18:29","04:11:39","2,566","2,917"
Caminar,2022-03-19 17:26:27,false,"Chía Caminar","2.26","134","00:45:58","98","140","65","159","20:22","5:37","4","6","0.76","0.0","0.0","0","0","0","--","0.0","--","0","0","0.0","0.0","--","0","0","0","--","0:00","0.0","0:00","No","04:59.90.7","3","0.0","00:45:07","01:46:13","2,594","2,615"
Ciclismo,2022-03-19 07:13:12,false,"Chía Ciclismo","33.73","873","02:26:38","156","189","0","0","13.8","33.4","505","508","0.00","0.0","0.0","0","0","0","--","0.0","--","0","0","0.0","0.0","--","0","0","0","--","0:00","0.0","0:00","No","02:26:37.96.8","1","0.0","02:25:56","02:58:17","2,553","2,905"
Caminar,2022-03-18 08:58:32,false,"Bogotá, D.C. Caminar","1.19","61","00:19:21","102","118","46","159","16:14","5:32","2","11","6.12","0.0","0.0","0","0","0","--","0.0","--","0","0","0.0","0.0","--","0","0","0","--","0:00","0.0","0:00","No","04:11.69.5","2","0.0","00:18:29","00:44:56","2,555","2,569"
Ciclismo virtual,2022-03-17 20:26:55,false,"Indoor","21.11","261","00:46:16","--","--","0","0","27.4","53.8","157","--","0.00","0.0","0.0","0","63","89","103","0.0","108","98","193","0.0","0.0","--","0","0","0","--","0:00","0.0","0:00","No","46:15.99.9","1","0.0","00:46:12","00:46:15","125","200"
Ciclismo en sala,2022-03-17 20:26:41,false,"Ciclismo en sala","16.85","316","00:46:20","150","170","0","0","21.8","28.4","--","--","0.00","0.0","0.0","0","62","90","--","0.0","--","0","0","0.0","0.0","2905","0","0","0","--","0:00","0.0","0:00","No","46:20.15.7","1","0.0","00:46:11","00:46:20","--","--"
Caminar,2022-03-17 14:42:49,false,"Bogotá, D.C. Caminar","1.32","63","00:19:10","103","114","75","220","14:30","11:06","--","4","1.84","0.0","0.0","0","0","0","--","0.0","--","0","0","0.0","0.0","--","0","0","0","--","0:00","0.0","0:00","No","04:08.78.1","2","0.0","00:19:02","00:29:54","2,591","2,597"
Ciclismo virtual,2022-03-16 05:45:56,false,"Indoor","22.51","353","01:06:07","--","--","0","0","20.4","73.6","386","--","0.00","0.0","0.0","0","74","109","104","0.0","109","94","204","0.0","0.0","--","0","0","0","--","0:00","0.0","0:00","No","02:00.00","15","0.0","01:02:40","01:06:06","17","133"
Ciclismo en sala,2022-03-16 05:45:38,false,"Ciclismo en sala","24.95","466","01:02:13","165","188","0","0","24.1","32.7","--","--","0.00","0.0","0.0","0","77","139","--","0.0","--","0","0","0.0","0.0","4830","0","0","0","--","0:00","0.0","0:00","No","01:02:12.88.1","1","0.0","01:02:04","01:05:37","--","--"
Ciclismo virtual,2022-03-15 20:09:41,false,"Indoor","21.11","343","01:04:10","--","--","0","0","19.7","76.6","378","--","0.00","0.0","0.0","0","79","121","101","0.0","105","93","241","0.0","0.0","--","0","0","0","--","0:00","0.0","0:00","No","00:30.00","33","0.0","01:03:37","01:04:09","17","133"
Ciclismo en sala,2022-03-15 20:09:29,false,"Ciclismo en sala","25.45","470","01:03:40","163","184","0","0","24.0","32.5","--","--","0.00","0.0","0.0","0","79","162","--","0.0","--","0","0","0.0","0.0","5088","0","0","0","--","0:00","0.0","0:00","No","01:03:40.22","1","0.0","01:03:33","01:04:11","--","--"
Ciclismo en sala,2022-03-13 18:17:34,false,"Ciclismo en sala","36.40","613","01:32:10","153","172","0","0","23.7","33.3","--","--","0.00","0.0","0.0","0","81","116","--","0.0","--","0","0","0.0","0.0","7529","0","0","0","--","0:00","0.0","0:00","No","01:32:10.21.9","1","0.0","01:32:05","01:33:16","--","--"
Caminar,2022-03-13 12:35:11,false,"Bogotá, D.C. Caminar","1.25","63","00:15:33","106","120","111","122","12:28","8:03","5","4","0.72","0.0","0.0","0","0","0","--","0.0","--","0","0","0.0","0.0","--","0","0","0","--","0:00","0.0","0:00","No","03:29.40.1","2","0.0","00:15:26","00:15:35","2,574","2,582"
Caminar,2022-03-13 09:32:37,false,"Bogotá, D.C. Caminar","2.84","158","00:43:56","116","151","83","159","15:29","9:49","37","34","0.78","0.0","0.0","0","0","0","--","0.0","--","0","0","0.0","0.0","--","0","0","0","--","0:00","0.0","0:00","No","11:37.02.8","3","0.0","00:43:44","00:45:06","2,566","2,587"
Ciclismo virtual,2022-03-12 09:41:57,false,"Indoor","13.65","145","00:30:29","--","--","0","0","26.9","38.7","40","--","0.00","0.0","0.0","0","72","127","92","0.0","96","83","259","0.0","0.0","--","0","0","0","--","0:00","0.0","0:00","No","00:27.56.3","10","0.0","00:30:11","00:30:27","10","29"
Ciclismo en sala,2022-03-12 09:41:49,false,"Ciclismo en sala","10.69","206","00:30:11","150","174","0","0","21.2","37.8","--","--","0.00","0.0","0.0","0","73","132","--","0.0","--","0","0","0.0","0.0","2200","0","0","0","--","0:00","0.0","0:00","No","30:10.96.9","1","0.0","00:30:07","00:30:27","--","--"
Ciclismo virtual,2022-03-12 08:39:12,false,"Indoor","28.15","310","01:00:14","--","--","0","0","28.0","50.1","133","--","0.00","0.0","0.0","0","81","150","98","0.0","104","89","335","0.0","0.0","--","0","0","0","--","0:00","0.0","0:00","No","00:15.00","19","0.0","01:00:08","01:00:13","10","34"
Ciclismo en sala,2022-03-12 08:38:54,false,"Ciclismo en sala","24.37","440","01:00:26","161","184","0","0","24.2","40.6","--","--","0.00","0.0","0.0","0","81","148","--","0.0","--","0","0","0.0","0.0","4913","0","0","0","--","0:00","0.0","0:00","No","01:00:25.90.7","1","0.0","01:00:14","01:00:55","--","--"
Ciclismo virtual,2022-03-10 19:43:55,false,"Indoor","18.23","228","00:44:10","--","--","0","0","24.8","59.4","155","--","0.00","0.0","0.0","0","65","107","101","0.0","112","90","213","0.0","0.0","--","0","0","0","--","0:00","0.0","0:00","No","01:00.00","12","0.0","00:43:38","00:44:09","279","317"
Ciclismo en sala,2022-03-10 19:43:54,false,"Ciclismo en sala","14.32","285","00:43:41","149","178","0","0","19.7","31.0","--","--","0.00","0.0","0.0","0","65","108","--","0.0","--","0","0","0.0","0.0","2851","0","0","0","--","0:00","0.0","0:00","No","43:40.65.6","1","0.0","00:43:39","00:44:06","--","--"
Ciclismo virtual,2022-03-07 19:08:28,false,"Indoor","19.17","222","00:41:54","--","--","0","0","27.4","45.8","48","--","0.00","0.0","0.0","0","75","125","100","0.0","100","93","226","0.0","0.0","--","0","0","0","--","0:00","0.0","0:00","No","00:30.00","14","0.0","00:41:18","00:41:54","52","65"
Ciclismo en sala,2022-03-07 19:08:03,false,"Ciclismo en sala","15.59","263","00:41:26","143","162","0","0","22.6","29.1","--","--","0.00","0.0","0.0","0","75","123","--","0.0","--","0","0","0.0","0.0","3135","0","0","0","--","0:00","0.0","0:00","No","41:26.21.2","1","0.0","00:41:16","00:41:52","--","--"
Entreno de fuerza,2022-03-03 20:18:35,false,"Fuerza","0.00","144","00:46:56","104","138","0","0","--","--","--","--","0.00","0.0","0.0","0","0","0","--","0.0","--","0","0","0.0","0.0","--","0","0","23","1","0:00","0.0","0:00","No","46:56.37.2","1","0.0","00:46:56","00:46:56","--","--"
Ciclismo virtual,2022-03-03 19:26:58,false,"Indoor","10.02","160","00:31:17","--","--","0","0","19.2","44.8","124","--","0.00","0.0","0.0","0","74","91","96","0.0","99","90","175","0.0","0.0","--","0","0","0","--","0:00","0.0","0:00","No","00:15.00","17","0.0","00:30:42","00:31:17","125","230"
Ciclismo en sala,2022-03-03 19:26:42,false,"Ciclismo en sala","12.09","201","00:30:45","148","171","0","0","23.6","29.4","--","--","0.00","0.0","0.0","0","75","92","--","0.0","--","0","0","0.0","0.0","2306","0","0","0","--","0:00","0.0","0:00","No","30:45.25.5","1","0.0","00:30:39","00:31:16","--","--"
Ciclismo en sala,2022-03-02 19:24:47,false,"Ciclismo en sala","20.59","364","00:50:57","160","185","0","0","24.2","32.9","--","--","0.00","0.0","0.0","0","77","115","--","0.0","--","0","0","0.0","0.0","3933","0","0","0","--","0:00","0.0","0:00","No","50:56.82.1","1","0.0","00:50:53","00:51:32","--","--"
Ciclismo virtual,2022-03-02 19:24:29,false,"Indoor","18.07","261","00:51:58","--","--","0","0","20.9","62.8","190","--","0.00","0.0","0.0","0","76","109","95","0.0","98","88","233","0.0","0.0","--","0","0","0","--","0:00","0.0","0:00","No","00:30.00","19","0.0","00:51:13","00:51:57","125","283"
Caminar,2022-03-02 15:23:48,false,"Bogotá, D.C. Caminar","0.90","47","00:11:46","110","133","113","155","13:06","9:30","7","7","0.67","0.0","0.0","0","0","0","--","0.0","--","0","0","0.0","0.0","--","0","0","0","--","0:00","0.0","0:00","No","11:46.33.1","1","0.0","00:11:32","00:12:43","2,569","2,584"
Entreno de fuerza,2022-03-01 20:35:22,false,"Fuerza","0.00","76","00:30:08","93","135","0","0","--","--","--","--","0.00","0.0","0.0","0","0","0","--","0.0","--","0","0","0.0","0.0","--","0","0","8","1","0:00","0.0","0:00","No","30:08.31.3","1","0.0","00:30:08","00:30:08","--","--"
Ciclismo en sala,2022-03-01 19:34:17,false,"Ciclismo en sala","20.70","336","00:50:16","149","172","0","0","24.7","31.6","--","--","0.00","0.0","0.0","0","68","88","--","0.0","--","0","0","0.0","0.0","3456","0","0","0","--","0:00","0.0","0:00","No","50:15.97.6","1","0.0","00:50:14","00:50:40","--","--"
Ciclismo virtual,2022-03-01 19:34:12,false,"Indoor","18.16","263","00:50:57","--","--","0","0","21.4","55.9","190","--","0.00","0.0","0.0","0","68","87","95","0.0","103","90","148","0.0","0.0","--","0","0","0","--","0:00","0.0","0:00","No","00:58.37.6","10","0.0","00:50:25","00:50:57","125","283"
Carrera,2022-03-01 14:45:13,false,"Bogotá, D.C. Carrera","1.22","65","00:19:16","102","142","50","136","15:50","1:11","--","--","1.27","0.0","0.0","0","0","0","--","0.0","--","0","0","0.0","0.0","--","0","0","0","--","0:00","0.0","0:00","No","19:16.39","1","0.0","00:19:06","00:40:13","2,572","2,578"
Ciclismo virtual,2022-02-27 11:55:16,false,"indoor","16.01","265","00:51:25","--","--","0","0","18.7","47.3","135","--","0.00","0.0","0.0","0","60","83","94","0.0","99","90","197","0.0","0.0","--","0","0","0","--","0:00","0.0","0:00","No","51:24.99.9","1","0.0","00:51:20","00:51:24","0","100"
Ciclismo en sala,2022-02-27 11:54:54,false,"Ciclismo en sala","17.63","301","00:51:32","138","159","0","0","20.5","30.2","--","--","0.00","0.0","0.0","0","60","83","--","0.0","--","0","0","0.0","0.0","3112","0","0","0","--","0:00","0.0","0:00","No","51:32.22.9","1","0.0","00:51:29","00:51:39","--","--"
Ciclismo virtual,2022-02-24 19:25:40,false,"Indoor","34.88","525","01:40:13","--","--","0","0","20.9","58.5","381","--","0.00","0.0","0.0","0","69","96","95","0.0","107","91","159","0.0","0.0","--","0","0","0","--","0:00","0.0","0:00","No","00:14.09.3","17","0.0","01:40:08","01:40:12","125","283"
Ciclismo en sala,2022-02-24 19:25:28,false,"Ciclismo en sala","43.45","663","01:40:20","154","175","0","0","26.0","33.0","--","--","0.00","0.0","0.0","0","69","121","--","0.0","--","0","0","0.0","0.0","6969","0","0","0","--","0:00","0.0","0:00","No","01:40:19.53.8","1","0.0","01:40:18","01:40:20","--","--"
Caminar,2022-02-23 08:24:17,false,"Bogotá, D.C. Caminar","0.75","34","00:09:38.3","79","104","81","126","12:48","10:05","2","5","0.97","0.0","0.0","0","0","0","--","0.0","--","0","0","0.0","0.0","--","0","0","0","--","0:00","0.0","0:00","No","09:38.31.7","1","0.0","00:09:34","00:11:04","2,533","2,537"
Entreno de fuerza,2022-02-22 20:36:52,false,"Fuerza","0.00","116","00:32:37","111","134","0","0","--","--","--","--","0.00","0.0","0.0","0","0","0","--","0.0","--","0","0","0.0","0.0","--","0","0","0","--","0:00","0.0","0:00","No","32:37.45.4","1","0.0","00:32:37","00:32:37","--","--"
Ciclismo virtual,2022-02-22 19:38:11,false,"Indoor","16.26","267","00:52:05","--","--","0","0","18.7","73.3","301","--","0.00","0.0","0.0","0","65","106","98","0.0","97","91","182","0.0","0.0","--","0","0","0","--","0:00","0.0","0:00","No","02:00.00","18","0.0","00:50:35","00:52:09","17","133"
Ciclismo en sala,2022-02-22 19:38:01,false,"Ciclismo en sala","18.11","366","00:50:48","157","173","0","0","21.4","28.9","--","--","0.00","0.0","0.0","0","66","106","--","0.0","--","0","0","0.0","0.0","3362","0","0","0","--","0:00","0.0","0:00","No","50:47.78.3","1","0.0","00:50:42","00:52:05","--","--"
Ciclismo en sala,2022-02-21 19:30:11,false,"Ciclismo en sala","24.36","376","00:52:52","158","181","0","0","27.6","38.0","--","--","0.00","0.0","0.0","0","72","97","--","0.0","--","0","0","0.0","0.0","3852","0","0","0","--","0:00","0.0","0:00","No","52:52.18.7","1","0.0","00:52:50","00:53:19","--","--"
Ciclismo virtual,2022-02-21 19:29:59,false,"Indoor","25.08","299","00:52:59","--","--","0","0","28.4","47.0","133","--","0.00","0.0","0.0","0","72","97","105","0.0","114","99","203","0.0","0.0","--","0","0","0","--","0:00","0.0","0:00","No","01:00.00","14","0.0","00:51:44","00:53:35","10","34"
Caminar,2022-02-20 16:48:04,false,"Bogotá, D.C. Caminar","2.42","134","00:42:53","110","140","86","152","17:44","8:33","6","11","0.66","0.0","0.0","0","0","0","--","0.0","--","0","0","0.0","0.0","--","0","0","0","--","0:00","0.0","0:00","No","07:14.10.5","3","0.0","00:42:36","00:51:27","2,576","2,596"
Caminar,2022-02-20 15:36:46,false,"Bogotá, D.C. Caminar","0.66","39","00:12:56","115","141","78","157","19:43","13:51","2","4","0.65","0.0","0.0","0","0","0","--","0.0","--","0","0","0.0","0.0","--","0","0","0","--","0:00","0.0","0:00","No","12:56.32.8","1","0.0","00:12:52","00:15:22","2,591","2,594"
Ciclismo virtual,2022-02-20 08:32:14,false,"Indoor","38.10","471","01:27:07","--","--","0","0","26.2","43.8","225","--","0.00","0.0","0.0","0","77","94","100","0.0","104","94","163","0.0","0.0","--","0","0","0","--","0:00","0.0","0:00","No","00:59.00","26","0.0","01:26:31","01:27:07","41","71"
Ciclismo en sala,2022-02-20 08:31:48,false,"Ciclismo en sala","35.71","595","01:27:04","159","176","0","0","24.6","30.8","--","--","0.00","0.0","0.0","0","76","121","--","0.0","--","0","0","0.0","0.0","6631","0","0","0","--","0:00","0.0","0:00","No","01:27:04.17","1","0.0","01:26:25","01:27:28","--","--"
Caminar,2022-02-19 17:27:42,false,"Bogotá, D.C. Caminar","1.27","61","00:18:03","103","123","96","152","14:13","10:27","5","4","0.73","0.0","0.0","0","0","0","--","0.0","--","0","0","0.0","0.0","--","0","0","0","--","0:00","0.0","0:00","No","04:27.07.1","2","0.0","00:17:56","00:18:42","2,588","2,600"
Ciclismo virtual,2022-02-17 20:02:39,false,"Indoor","17.04","283","00:55:15","--","--","0","0","18.5","78.4","318","--","0.00","0.0","0.0","0","69","187","103","0.0","103","92","319","0.0","0.0","--","0","0","0","--","0:00","0.0","0:00","No","00:30.00","22","0.0","00:52:56","00:55:14","97","183"
Ciclismo en sala,2022-02-17 20:02:33,false,"Ciclismo en sala","19.38","348","00:53:16","149","174","0","0","21.8","39.9","--","--","0.00","0.0","0.0","0","71","152","--","0.0","--","0","0","0.0","0.0","3765","0","0","0","--","0:00","0.0","0:00","No","53:16.14.7","1","0.0","00:52:41","00:56:29","--","--"
Ciclismo en sala,2022-02-14 19:52:27,false,"Ciclismo en sala","20.20","336","00:50:20","151","168","0","0","24.1","26.1","--","--","0.00","0.0","0.0","0","73","92","--","0.0","--","0","0","0.0","0.0","3706","0","0","0","--","0:00","0.0","0:00","No","50:19.78.9","1","0.0","00:50:07","00:50:31","--","--"
Ciclismo en sala,2022-02-13 17:01:03,false,"Ciclismo en sala","35.72","612","01:40:17","147","158","0","0","21.4","32.4","--","--","0.00","0.0","0.0","0","67","109","--","0.0","--","0","0","0.0","0.0","6717","0","0","0","--","0:00","0.0","0:00","No","01:40:17.10.3","1","0.0","01:40:12","01:40:41","--","--"
Ciclismo virtual,2022-02-13 17:00:22,false,"Indoor","43.06","565","01:41:29","--","--","0","0","25.5","60.0","334","--","0.00","0.0","0.0","0","67","109","102","0.0","109","97","249","0.0","0.0","--","0","0","0","--","0:00","0.0","0:00","No","01:41:28.52.5","1","0.0","01:40:44","01:41:27","-6","132"
Ciclismo virtual,2022-02-12 07:23:08,false,"Indoor","20.93","252","00:46:20","--","--","0","0","27.1","45.8","122","--","0.00","0.0","0.0","0","69","84","100","0.0","100","95","181","0.0","0.0","--","0","0","0","--","0:00","0.0","0:00","No","46:20.46.8","1","0.0","00:46:15","00:46:19","-6","23"
Ciclismo en sala,2022-02-12 07:23:05,false,"Ciclismo en sala","17.04","316","00:46:20","149","170","0","0","22.1","27.4","--","--","0.00","0.0","0.0","0","68","85","--","0.0","--","0","0","0.0","0.0","3189","0","0","0","--","0:00","0.0","0:00","No","46:19.83.6","1","0.0","00:46:17","00:46:20","--","--"
Ciclismo en sala,2022-02-11 05:51:49,false,"Ciclismo en sala","27.44","416","01:04:35","148","173","0","0","25.5","34.5","--","--","0.00","0.0","0.0","0","76","133","--","0.0","--","0","0","0.0","0.0","4939","0","0","0","--","0:00","0.0","0:00","No","01:04:34.81","1","0.0","01:04:33","01:04:35","--","--"
Ciclismo virtual,2022-02-11 05:51:11,false,"Indoor","29.63","320","01:05:19","--","--","0","0","27.2","41.5","72","--","0.00","0.0","0.0","0","76","133","92","0.0","100","85","260","0.0","0.0","--","0","0","0","--","0:00","0.0","0:00","No","00:20.10.3","16","0.0","01:05:14","01:05:18","52","65"
Carrera,2022-02-10 06:38:31,false,"Bogotá, D.C. Carrera","3.10","180","00:25:14","171","184","144","158","8:08","6:30","16","17","0.85","0.0","0.0","0","0","0","--","0.0","--","0","0","0.0","0.0","--","0","0","0","--","0:00","0.0","0:00","No","25:13.98.9","1","0.0","00:25:09","00:25:17","2,564","2,582"
Ciclismo virtual,2022-02-09 05:57:35,false,"Indoor","18.23","280","00:55:21","--","--","0","0","19.8","79.0","328","--","0.00","0.0","0.0","0","74","93","94","0.0","98","88","183","0.0","0.0","--","0","0","0","--","0:00","0.0","0:00","No","00:22.00","20","0.0","00:55:15","00:55:15","97","183"
Ciclismo en sala,2022-02-09 05:57:23,false,"Ciclismo en sala","24.18","381","00:55:14","149","170","0","0","26.3","33.5","--","--","0.00","0.0","0.0","0","75","96","--","0.0","--","0","0","0.0","0.0","4083","0","0","0","--","0:00","0.0","0:00","No","55:13.63.9","1","0.0","00:54:33","00:55:16","--","--"
Ciclismo en sala,2022-02-07 20:04:14,false,"Ciclismo en sala","19.05","344","00:50:01","151","179","0","0","22.8","30.1","--","--","0.00","0.0","0.0","0","69","88","--","0.0","--","0","0","0.0","0.0","3483","0","0","0","--","0:00","0.0","0:00","No","50:01.49.9","1","0.0","00:49:58","00:51:21","--","--"
Ciclismo virtual,2022-02-07 20:04:12,false,"Indoor","21.03","253","00:51:30","--","--","0","0","24.5","56.5","174","--","0.00","0.0","0.0","0","68","86","97","0.0","110","86","231","0.0","0.0","--","0","0","0","--","0:00","0.0","0:00","No","00:16.00","14","0.0","00:50:09","00:51:29","279","317"
Entreno de fuerza,2022-02-06 19:16:04,false,"Fuerza","0.00","131","00:44:45","99","134","0","0","--","--","--","--","0.00","0.0","0.0","0","0","0","--","0.0","--","0","0","0.0","0.0","--","0","0","0","--","0:00","0.0","0:00","No","44:44.94","1","0.0","00:44:45","00:44:45","--","--"
Ciclismo virtual,2022-02-06 18:53:36,false,"Indoor","8.07","115","00:18:21","--","--","0","0","26.4","58.7","94","--","0.00","0.0","0.0","0","71","92","115","0.0","--","110","226","0.0","0.0","--","0","0","0","--","0:00","0.0","0:00","No","18:20.57.2","1","0.0","00:18:15","00:18:19","1","40"
Ciclismo en sala,2022-02-06 18:53:15,false,"Ciclismo en sala","6.67","139","00:18:20","159","173","0","0","21.8","29.0","--","--","0.00","0.0","0.0","0","71","94","--","0.0","--","0","0","0.0","0.0","1302","0","0","0","--","0:00","0.0","0:00","No","18:20.02.9","1","0.0","00:18:13","00:18:27","--","--"
Ciclismo en sala,2022-02-05 13:04:25,false,"Ciclismo en sala","19.65","439","00:52:35","165","178","0","0","22.4","29.9","--","--","0.00","0.0","0.0","0","69","123","--","0.0","--","0","0","0.0","0.0","3647","0","0","0","--","0:00","0.0","0:00","No","52:35.32.7","1","0.0","00:52:32","00:52:37","--","--"
Ciclismo virtual,2022-02-05 13:04:20,false,"Indoor","26.04","296","00:52:47","--","--","0","0","29.6","50.3","133","--","0.00","0.0","0.0","0","69","119","104","0.0","111","98","231","0.0","0.0","--","0","0","0","--","0:00","0.0","0:00","No","52:47.23.3","1","0.0","00:52:30","00:52:47","10","34"
Caminar,2022-02-04 15:06:13,false,"Bogotá, D.C. Caminar","0.75","36","00:09:55.2","104","117","103","119","13:09","9:21","2","--","0.74","0.0","0.0","0","0","0","--","0.0","--","0","0","0.0","0.0","--","0","0","0","--","0:00","0.0","0:00","No","09:55.16.9","1","0.0","00:09:52","00:09:55.2","2,588","2,604"
Ciclismo virtual,2022-02-03 19:57:58,false,"Indoor","24.12","273","00:51:21","--","--","0","0","28.2","42.1","68","--","0.00","0.0","0.0","0","75","96","98","0.0","109","93","160","0.0","0.0","--","0","0","0","--","0:00","0.0","0:00","No","51:21.00","1","0.0","00:51:16","00:51:20","11","31"
Ciclismo en sala,2022-02-03 19:57:56,false,"Ciclismo en sala","18.88","404","00:51:02","158","178","0","0","22.2","26.9","--","--","0.00","0.0","0.0","0","75","95","--","0.0","--","0","0","0.0","0.0","3853","0","0","0","--","0:00","0.0","0:00","No","51:02.08.5","1","0.0","00:51:01","00:51:02","--","--"
Ciclismo virtual,2022-02-02 20:11:41,false,"Indoor","17.07","252","00:47:32","--","--","0","0","21.5","74.4","206","--","0.00","0.0","0.0","0","66","87","102","0.0","115","92","172","0.0","0.0","--","0","0","0","--","0:00","0.0","0:00","No","01:00.00","12","0.0","00:47:26","00:47:31","3","156"
Ciclismo en sala,2022-02-02 20:11:41,false,"Ciclismo en sala","17.36","378","00:47:22","157","182","0","0","22.0","31.1","--","--","0.00","0.0","0.0","0","66","87","--","0.0","--","0","0","0.0","0.0","3145","0","0","0","--","0:00","0.0","0:00","No","47:21.74.9","1","0.0","00:47:21","00:47:22","--","--"
Ciclismo virtual,2022-02-01 19:29:58,false,"Indoor","19.46","239","00:40:29","--","--","0","0","28.8","49.3","40","--","0.00","0.0","0.0","0","81","127","112","0.0","115","103","285","0.0","0.0","--","0","0","0","--","0:00","0.0","0:00","No","00:30.00","47","0.0","00:40:22","00:40:28","52","65"
Ciclismo en sala,2022-02-01 19:29:51,false,"Ciclismo en sala","16.07","353","00:39:51","168","185","0","0","24.2","32.5","--","--","0.00","0.0","0.0","0","82","180","--","0.0","--","0","0","0.0","0.0","3277","0","0","0","--","0:00","0.0","0:00","No","39:50.78.1","1","0.0","00:39:38","00:40:23","--","--"
Ciclismo virtual,2022-01-31 19:50:26,false,"Indoor","24.14","290","00:51:36","--","--","0","0","28.1","48.9","124","--","0.00","0.0","0.0","0","75","103","104","0.0","111","98","258","0.0","0.0","--","0","0","0","--","0:00","0.0","0:00","No","51:36.00","1","0.0","00:51:31","00:51:35","1","23"
Ciclismo en sala,2022-01-31 19:49:45,false,"Ciclismo en sala","19.30","422","00:52:06","160","182","0","0","22.2","30.5","--","--","0.00","0.0","0.0","0","75","102","--","0.0","--","0","0","0.0","0.0","3888","0","0","0","--","0:00","0.0","0:00","No","52:06.36.2","1","0.0","00:51:25","00:52:06","--","--"
Ciclismo virtual,2022-01-29 10:57:17,false,"Indoor","20.19","236","00:41:13","--","--","0","0","29.4","50.0","59","--","0.00","0.0","0.0","0","74","94","107","0.0","109","99","180","0.0","0.0","--","0","0","0","--","0:00","0.0","0:00","No","41:13.00","1","0.0","00:41:07","00:41:12","-6","28"
Ciclismo en sala,2022-01-29 10:56:49,false,"Ciclismo en sala","15.63","368","00:41:29","169","185","0","0","22.6","27.8","--","--","0.00","0.0","0.0","0","73","93","--","0.0","--","0","0","0.0","0.0","3042","0","0","0","--","0:00","0.0","0:00","No","41:28.69.9","1","0.0","00:41:10","00:41:54","--","--"
Caminar,2022-01-28 15:10:11,false,"Bogotá, D.C. Caminar","1.36","64","00:21:31","101","152","26","159","15:52","2:04","2","3","16.59","0.0","0.0","0","0","0","--","0.0","--","0","0","0.0","0.0","--","0","0","0","--","0:00","0.0","0:00","No","03:56.53.7","2","0.0","00:20:38","01:04:16","2,573","2,580"
Ciclismo en sala,2022-01-27 19:51:00,false,"Ciclismo en sala","19.98","438","01:00:39","146","168","0","0","19.8","29.8","--","--","0.00","0.0","0.0","0","58","88","--","0.0","--","0","0","0.0","0.0","3524","0","0","0","--","0:00","0.0","0:00","No","01:00:39.48.6","1","0.0","01:00:34","01:01:37","--","--"
Ciclismo virtual,2022-01-27 19:50:48,false,"Indoor","24.91","275","01:02:43","--","--","0","0","23.8","52.3","126","--","0.00","0.0","0.0","0","57","86","82","0.0","84","78","180","0.0","0.0","--","0","0","0","--","0:00","0.0","0:00","No","01:02:42.66.3","1","0.0","01:00:53","01:02:41","3","34"
Ciclismo en sala,2022-01-26 20:00:24,false,"Ciclismo en sala","15.71","368","00:41:38","169","185","0","0","22.6","27.5","--","--","0.00","0.0","0.0","0","78","99","--","0.0","--","0","0","0.0","0.0","3256","0","0","0","--","0:00","0.0","0:00","No","41:38.12.6","1","0.0","00:41:37","00:41:40","--","--"
Ciclismo virtual,2022-01-26 19:57:50,false,"Indoor","21.10","234","00:44:30","--","--","0","0","28.5","38.7","32","--","0.00","0.0","0.0","0","76","97","100","0.0","107","91","173","0.0","0.0","--","0","0","0","--","0:00","0.0","0:00","No","44:30.30","1","0.0","00:44:03","00:44:29","13","18"
Ciclismo virtual,2022-01-24 20:18:16,false,"Indoor","23.87","276","00:50:49","--","--","0","0","28.2","43.5","64","--","0.00","0.0","0.0","0","75","104","103","0.0","118","94","236","0.0","0.0","--","0","0","0","--","0:00","0.0","0:00","No","50:49.00","1","0.0","00:50:45","00:50:48","11","31"
Ciclismo en sala,2022-01-24 20:17:59,false,"Ciclismo en sala","18.75","439","00:50:19","168","191","0","0","22.4","30.5","--","--","0.00","0.0","0.0","0","75","105","--","0.0","--","0","0","0.0","0.0","3817","0","0","0","--","0:00","0.0","0:00","No","50:18.88.5","1","0.0","00:50:17","00:50:43","--","--"
Caminar,2022-01-23 18:34:56,false,"Bogotá, D.C. Caminar","0.54","28","00:09:59.3","96","116","78","113","18:34","12:35","--","2","0.69","0.0","0.0","0","0","0","--","0.0","--","0","0","0.0","0.0","--","0","0","0","--","0:00","0.0","0:00","No","09:59.30.1","1","0.0","00:09:49","00:12:04","2,581","2,589"
Caminar,2022-01-22 20:40:08,false,"Bogotá, D.C. Caminar","2.15","108","00:32:17","109","124","83","209","15:02","9:21","--","4","0.81","0.0","0.0","0","0","0","--","0.0","--","0","0","0.0","0.0","--","0","0","0","--","0:00","0.0","0:00","No","02:31.33.7","3","0.0","00:31:54","00:34:49","2,602","2,608"
Caminar,2022-01-22 11:41:58,false,"Bogotá, D.C. Caminar","0.59","36","00:10:31","114","142","72","157","17:58","11:01","4","9","0.77","0.0","0.0","0","0","0","--","0.0","--","0","0","0.0","0.0","--","0","0","0","--","0:00","0.0","0:00","No","10:30.58.5","1","0.0","00:10:18","00:11:02","2,570","2,593"
Entreno de fuerza,2022-01-22 10:04:36,false,"Fuerza","0.00","244","01:06:57","117","162","0","0","--","--","--","--","0.00","0.0","0.0","0","0","0","--","0.0","--","0","0","0.0","0.0","--","0","0","55","1","0:00","0.0","0:00","No","01:06:56.89.9","1","0.0","01:06:57","01:06:57","--","--"
Caminar,2022-01-21 14:35:29,false,"Bogotá, D.C. Caminar","1.25","62","00:16:03","107","135","110","122","12:52","10:49","--","2","0.70","0.0","0.0","0","0","0","--","0.0","--","0","0","0.0","0.0","--","0","0","0","--","0:00","0.0","0:00","No","03:12.46.4","2","0.0","00:15:57","00:16:09","2,559","2,585"
Ciclismo virtual,2022-01-19 19:49:11,false,"Indoor","17.48","267","00:49:46","--","--","0","0","21.1","58.5","189","--","0.00","0.0","0.0","0","63","156","108","0.0","109","95","346","0.0","0.0","--","0","0","0","--","0:00","0.0","0:00","No","49:46.18.9","1","0.0","00:47:27","00:50:00","125","283"
Ciclismo en sala,2022-01-19 19:49:06,false,"Ciclismo en sala","15.43","364","00:47:19","156","182","0","0","19.6","40.2","--","--","0.00","0.0","0.0","0","65","191","--","0.0","--","0","0","0.0","0.0","3097","0","0","0","--","0:00","0.0","0:00","No","47:18.50.6","1","0.0","00:47:03","00:49:40","--","--"
Caminar,2022-01-15 17:47:44,false,"Bello Caminar","1.68","61","00:29:46","86","129","22","156","17:45","12:56","9","2","4.87","0.0","0.0","0","0","0","--","0.0","--","0","0","0.0","0.0","--","0","0","0","--","0:00","0.0","0:00","No","11:46.07.5","2","0.0","00:29:37","00:30:01","1,681","1,691"
Caminar,2022-01-15 17:08:58,false,"Medellín Caminar","0.68","47","00:15:08","107","133","83","159","22:17","13:26","--","98","0.54","0.0","0.0","0","0","0","--","0.0","--","0","0","0.0","0.0","--","0","0","0","--","0:00","0.0","0:00","No","15:08.47.6","1","0.0","00:14:57","00:15:57","1,746","1,857"
Caminar,2022-01-09 09:33:59,false,"Salento Caminar","4.39","343","01:40:39","100","138","72","163","22:56","6:31","218","188","0.62","0.0","0.0","0","0","0","--","0.0","--","0","0","0.0","0.0","--","0","0","0","--","0:00","0.0","0:00","No","00:00.19","6","0.0","01:37:54","03:47:46","2,434","2,662"
Caminar,2022-01-08 15:11:55,false,"Salento Caminar","0.72","51","00:15:39","110","152","77","159","21:52","14:39","17","16","0.59","0.0","0.0","0","0","0","--","0.0","--","0","0","0.0","0.0","--","0","0","0","--","0:00","0.0","0:00","No","15:39.17.7","1","0.0","00:15:18","00:21:05","1,959","1,987"
Carrera,2022-01-05 17:50:15,false,"Villarrica Carrera","4.42","259","00:41:00","152","187","111","244","9:17","5:46","41","43","0.97","0.0","0.0","0","0","0","--","0.0","--","0","0","0.0","0.0","--","0","0","0","--","0:00","0.0","0:00","No","40:59.55.3","1","0.0","00:40:58","00:41:12","1,203","1,226"
Ciclismo,2022-01-04 16:51:40,false,"Villarrica Ciclismo","12.64","426","00:50:47","169","192","0","0","14.9","32.8","248","250","0.00","0.0","0.0","0","0","0","--","0.0","--","0","0","0.0","0.0","--","0","0","0","--","0:00","0.0","0:00","No","50:47.22.4","1","0.0","00:50:34","00:55:40","742","882"
Caminar,2022-01-03 10:42:08,false,"Cunday Caminar","1.78","283","00:41:24","161","180","42","160","23:13","10:34","108","12","8.50","0.0","0.0","0","0","0","--","0.0","--","0","0","0.0","0.0","--","0","0","0","--","0:00","0.0","0:00","No","16:09.22.4","2","0.0","00:40:29","01:18:30","464","643"
Caminar,2022-01-01 14:57:31,false,"Villarrica Caminar","1.79","100","00:31:42","88","126","85","160","17:45","11:23","31","21","0.66","0.0","0.0","0","0","0","--","0.0","--","0","0","0.0","0.0","--","0","0","0","--","0:00","0.0","0:00","No","12:31.15.6","2","0.0","00:31:22","00:36:43","1,263","1,297"
Caminar,2021-12-30 11:24:27,false,"Bogotá, D.C. Caminar","1.04","46","00:16:55","98","136","44","158","16:16","11:14","2","2","1.39","0.0","0.0","0","0","0","--","0.0","--","0","0","0.0","0.0","--","0","0","0","--","0:00","0.0","0:00","No","00:39.13.8","2","0.0","00:16:40","00:18:54","2,572","2,606"
Caminar,2021-12-29 20:47:45,false,"Bogotá, D.C. Caminar","0.85","41","00:14:22","102","112","51","154","16:58","10:27","4","2","1.15","0.0","0.0","0","0","0","--","0.0","--","0","0","0.0","0.0","--","0","0","0","--","0:00","0.0","0:00","No","14:22.34.6","1","0.0","00:14:11","00:15:21","2,560","2,564"
Caminar,2021-12-21 07:40:42,false,"Bogotá, D.C. Caminar","0.76","39","00:14:09","101","124","63","117","18:34","11:14","2","2","0.85","0.0","0.0","0","0","0","--","0.0","--","0","0","0.0","0.0","--","0","0","0","--","0:00","0.0","0:00","No","14:09.48.9","1","0.0","00:13:25","00:51:33","2,559","2,571"
